entity,year,1,2,3,4,5,6,7,8,9,10,11,12,13
COLOMBIA,2010,238557,333273,185129,166318,169717,185314,167505,200061,172229,166748,170542,162656,167929
COLOMBIA,2011,192141,218753,190246,166840,199600,182588,174281,172134,170285,179243,172354,171601,157201
COLOMBIA,2012,153334,156935,187473,185314,186017,196328,195149,211151,219767,234689,224938,207757,192030
COLOMBIA,2013,282755,156290,421982,350511,113866,152651,185321,152309,184819,179555,144299,254455,120122
COLOMBIA,2014,209570,237232,223699,194350,201575,216819,198768,236754,219771,233531,224634,221192,193736
COLOMBIA,2015,217313,228782,227001,231867,246564,240136,239661,226849,251469,247235,242984,239421,213447
COLOMBIA,2016,250535,262834,269665,263364,276419,251763,270262,263720,268460,272862,250053,251201,248859
COLOMBIA,2017,222115,254622,233639,235367,247005,246873,235019,236619,249940,232643,255349,225214,211202
COLOMBIA,2018,328104,261822,507184,456145,135842,149620,179195,178557,161357,211659,208113,195304,285233
COLOMBIA,2019,289556,334325,325508,288364,262369,251147,235607,240705,243826,259787,223615,221033,252056
COLOMBIA,2020,235839,287560,284185,76961,,,,,,,,,
AMAZONAS,2010,984,,,197,,,,,74,112,143,221,421
ANTIOQUIA,2010,135006,8401,,,,,,3246,7240,18618,10434,20425,5103
ARAUCA,2010,,4184,,,,,,176,239,290,541,445,297
ARAUCA CAP,2010,,1483,,,,,,58,126,143,215,171,111
ARMENIA,2010,,,,,,19259,,558,1066,2563,1942,1490,1402
ATLANTICO,2010,,25167,,,,,,922,2243,2741,3096,2700,471
BARRANQUILLA,2010,,,,,,,,15138,1729,1129,812,670,786
BOGOTA DC,2010,,287143,96988,304,2,,20,17725,36277,41498,50995,32319,50765
BOLIVAR,2010,,,25750,,,,,593,1568,1979,2331,1506,1953
BOYACA,2010,,,42599,29364,,,,949,2371,3226,4424,3423,1634
BUCARAMANGA,2010,,,,,,7021,22805,965,3583,2944,2179,2806,3224
CALDAS,2010,,,,11830,,,,310,754,1000,1413,1206,414
CALI,2010,,,462,,,41,12803,56102,12010,8180,8093,10098,17388
CAQUETA,2010,,,,5944,,,,665,1840,717,1037,778,1197
CARTAGENA,2010,,,2,31851,,,,250,2758,3271,2419,3701,5854
CASANARE,2010,,,,6791,,,,57,494,574,591,584,347
CAUCA,2010,5,,,27282,,,,693,2099,2013,3108,3005,2161
CESAR,2010,,,,9501,7124,,,359,751,1846,1757,1844,1879
CHOCO,2010,,,,,4628,,,133,353,489,333,279,250
CORDOBA,2010,,,,,24808,,,,1728,1929,2060,2542,2662
CUNDINAMARCA,2010,,,,,23373,,,1856,1479,2456,3060,2212,3073
FLORENCIA,2010,,,,3954,,,,119,1202,583,713,577,526
GUAINIA,2010,,,,,50,,,1,8,17,3,1,4
GUAVIARE,2010,,,,,929,,,20,142,345,181,176,135
HUILA,2010,,,,,25288,,,686,1770,2527,2529,2883,2255
IBAGUE,2010,,,,,,,27022,462,952,723,738,719,1259
PUERTO INIRIDA,2010,,,,,1114,,,43,81,109,102,74,73
LA GUAJIRA,2010,,,1,,17506,,,903,1197,1750,1307,1579,2099
LETICIA,2010,2659,,,8,,,,136,213,265,488,173,371
MAGDALENA,2010,1,,,,21870,3237,,540,1840,2814,2618,2543,2468
MANIZALES,2010,,,,9375,,55,,386,1313,1229,2468,1186,845
MEDELLIN,2010,99892,6895,,,,,,2266,4628,11739,6872,14126,4122
META,2010,8,,,,,13602,,321,434,2130,1753,2166,1092
MITU,2010,,,,,,,49,322,47,142,130,72,42
MOCOA,2010,,,,,,509,,12,53,254,368,305,3368
MONTERIA,2010,,,,,6460,,,,653,655,1220,778,599
NARIÑO,2010,,,3,,,8134,,1876,32046,5186,3857,3416,3798
NEIVA,2010,,,,,12516,,,683,1147,1450,1315,1482,924
NORTE DE SANTANDER,2010,,,,,,16015,,441,759,1865,2804,1938,1382
PASTO,2010,,,,,,5003,,712,18010,2924,2242,1959,1789
PEREIRA,2010,,,,,,8335,,88,418,1140,1100,792,1171
POPAYAN,2010,,,,6431,,,,212,755,629,934,806,799
PUERTO CARREÑO,2010,,,,,,,,444,20,40,60,24,15
PUTUMAYO,2010,,,,,,5235,,186,423,832,593,792,617
QUIBDO,2010,,,,,1957,,,,158,345,165,236,351
QUINDIO,2010,2,,,,,12748,,309,476,1138,1241,928,985
RIOHACHA,2010,,,,,10699,,,206,720,962,620,795,1391
RISARALDA,2010,,,,,,10288,2,130,644,926,639,710,2815
SAN ANDRES,2010,,,,,,18,,,6,4,3,3,
SAN ANDRES CAP,2010,,,,,,822,,54,78,83,136,136,1207
CUCUTA,2010,,,3,,,25338,,642,1410,2846,3829,3048,2505
SAN JOSE DEL GUAVIARE,2010,,,,,2407,,,48,183,274,252,223,108
SANTA MARTA,2010,,,,,54,,,18553,1284,1305,1865,1477,1197
SANTANDER,2010,,,,,,6611,22207,773,2165,2624,2952,2794,3727
SINCELEJO,2010,,,,,,,12158,425,765,1023,911,1139,1050
SUCRE,2010,,,,,,,17201,1045,1292,2151,1806,2137,1697
TOLIMA,2010,,,,,,,39232,951,2258,2546,2679,2206,1926
TUNJA,2010,,,19321,11539,,,,218,1293,2264,3947,2772,1429
VALLE DEL CAUCA,2010,,,,,66,,14006,59700,8654,6773,7531,8010,10423
VALLEDUPAR,2010,,,,10158,8866,,,3778,442,2290,2491,1193,3354
VAUPES,2010,,,,,,,,377,27,122,104,48,23
VICHADA,2010,,,,,,,,492,29,54,103,4,2
VILLAVICENCIO,2010,,,,,,43043,,725,1190,1683,3591,3554,2446
YOPAL,2010,,,,1789,,,,21,262,269,299,251,148
AMAZONAS,2011,145,109,119,93,156,100,75,105,114,138,107,131,53
ANTIOQUIA,2011,20573,17836,17795,10493,16146,18970,11314,19674,16019,15306,14717,15467,12253
ARAUCA,2011,485,443,581,261,655,469,448,387,380,384,320,304,249
ARAUCA CAP,2011,168,149,306,124,255,133,127,100,109,88,122,117,87
ARMENIA,2011,2144,1482,2860,2240,1329,1515,1621,1599,1906,1677,1554,1755,1670
ATLANTICO,2011,3641,1821,2911,2258,2846,3829,2970,2655,2336,2555,2375,2656,1192
BARRANQUILLA,2011,698,638,577,939,1585,1906,1147,1372,905,1625,1261,1430,1011
BOGOTA DC,2011,52520,67549,51387,35023,59937,45743,42385,34523,40426,47660,40367,42534,39398
BOLIVAR,2011,2808,2815,2387,1917,3224,2826,2621,2125,2110,2099,1749,2156,1641
BOYACA,2011,3617,5142,3163,3678,5497,3832,3595,3787,3930,3881,3391,2542,2870
BUCARAMANGA,2011,3643,3564,2986,3648,2724,3232,2587,2374,2399,2303,2343,2322,1791
CALDAS,2011,1203,1727,1048,1168,1223,1098,1302,989,903,1039,968,632,742
CALI,2011,11725,10783,9480,12215,17664,11588,12631,11706,10940,11874,16956,12407,12544
CAQUETA,2011,690,1071,586,531,953,636,1038,899,464,788,623,450,588
CARTAGENA,2011,3467,4274,2498,2882,4396,2906,4910,3377,3444,3147,3214,3116,3984
CASANARE,2011,597,871,795,823,1380,712,868,567,765,727,828,527,488
CAUCA,2011,3869,4245,3434,2906,4443,2920,4125,2576,4129,2965,3785,2938,2512
CESAR,2011,2248,2095,1701,1694,2981,1678,2691,1532,2294,1622,1758,1704,1597
CHOCO,2011,455,416,641,440,533,413,371,471,466,489,352,368,202
CORDOBA,2011,2748,2871,2934,2648,3444,1903,2466,2421,2187,2375,2620,2721,2739
CUNDINAMARCA,2011,2439,3300,4000,4419,5899,3560,4287,4489,4409,4722,4004,3842,4002
FLORENCIA,2011,716,1424,1102,701,1357,816,971,1022,665,1121,786,789,742
GUAINIA,2011,,16,14,15,35,7,18,17,19,20,21,20,1
GUAVIARE,2011,33,56,37,183,142,185,183,90,80,80,100,149,89
HUILA,2011,4056,3841,3272,2363,2226,2783,2422,2934,2465,2556,2730,2419,2916
IBAGUE,2011,1352,1311,1368,1240,1457,1217,1199,1334,1252,1500,1151,1292,1560
PUERTO INIRIDA,2011,95,132,155,190,154,147,111,168,100,72,153,155,82
LA GUAJIRA,2011,1785,1789,1392,1931,1568,1612,2011,1293,1291,1332,1392,1800,2041
LETICIA,2011,132,286,247,473,347,245,254,197,164,236,131,392,87
MAGDALENA,2011,2731,2767,2829,3169,1913,2493,2726,2389,2101,2232,2218,2267,2348
MANIZALES,2011,1505,1713,1019,1489,1212,1644,1781,1772,2075,1945,3642,1572,1968
MEDELLIN,2011,12487,17507,14508,9100,13297,15371,8895,16701,12694,12196,11369,12021,9448
META,2011,1425,1899,1863,2052,1697,1264,1739,1521,1603,1542,1651,1511,1940
MITU,2011,28,30,52,46,43,52,60,93,86,38,123,136,64
MOCOA,2011,335,377,355,293,213,113,472,271,198,196,192,184,183
MONTERIA,2011,631,613,889,840,1046,586,1020,1241,889,717,1045,850,677
NARIÑO,2011,4006,4891,4219,5265,3101,4379,5024,4745,4254,5678,4269,6430,3668
NEIVA,2011,1781,1887,1694,1500,1148,1414,1669,1343,1595,1512,1401,1195,1907
NORTE DE SANTANDER,2011,1619,2080,1931,2264,1492,1957,1737,1958,1829,1893,1700,1939,1435
PASTO,2011,2340,2243,2531,3226,1931,2912,2560,2356,2428,2427,2156,2318,1604
PEREIRA,2011,1077,1536,1558,2030,667,1237,1600,1333,1257,1560,1376,2164,1586
POPAYAN,2011,352,651,666,1008,944,549,589,342,736,444,1143,945,918
PUERTO CARREÑO,2011,21,32,41,28,20,58,32,20,39,26,19,25,21
PUTUMAYO,2011,724,792,902,938,699,723,661,810,970,942,884,739,625
QUIBDO,2011,176,255,230,196,253,201,264,136,140,172,232,86,199
QUINDIO,2011,1158,1483,1382,1681,1113,1056,1068,1406,1448,3171,1267,1182,1001
RIOHACHA,2011,1144,985,821,917,1098,1161,1200,952,828,950,1059,1356,1413
RISARALDA,2011,1265,1266,1308,1266,657,1018,956,1433,955,1173,1504,1046,975
SAN ANDRES,2011,2,6,5,8,2,4,1,,1,4,2,1,4
SAN ANDRES CAP,2011,152,293,216,196,96,164,188,240,209,174,196,215,220
CUCUTA,2011,3244,3703,3590,4005,2701,3166,2642,3064,3027,2909,2817,2859,2636
SAN JOSE DEL GUAVIARE,2011,212,293,253,273,196,197,200,170,191,162,178,212,172
SANTA MARTA,2011,1273,794,920,537,491,707,1042,606,458,496,446,664,603
SANTANDER,2011,3076,4173,4419,3960,2552,3422,3042,3018,3084,3335,3281,3771,2809
SINCELEJO,2011,1275,1156,1140,1335,864,1226,1033,866,601,923,924,1027,1055
SUCRE,2011,2201,2240,1627,2053,1130,1790,1576,1588,1019,1511,1360,1591,1271
TOLIMA,2011,3093,3924,2325,3458,2651,3060,2903,2625,3235,2818,2804,2600,3967
TUNJA,2011,1804,862,574,1062,902,729,493,672,715,478,709,592,1178
VALLE DEL CAUCA,2011,9610,10335,9006,8936,5517,7649,10233,8940,9138,8396,7749,7521,6633
VALLEDUPAR,2011,2114,2078,1849,1218,2085,2027,2304,797,2274,751,1425,1728,1473
VAUPES,2011,42,37,36,44,22,65,38,97,94,77,37,92,21
VICHADA,2011,14,60,158,94,33,67,89,71,17,184,72,68,
VILLAVICENCIO,2011,805,3339,5170,4499,2863,2884,3317,3315,3129,3565,2941,3307,3760
YOPAL,2011,367,397,384,358,395,262,379,460,297,265,285,252,288
AMAZONAS,2012,102,91,169,126,171,127,217,298,112,105,120,133,107
ANTIOQUIA,2012,21012,12591,13442,14784,12386,15800,17734,18156,19891,19596,17001,13715,7843
ARAUCA,2012,611,579,428,455,445,486,455,421,433,525,559,378,503
ARAUCA CAP,2012,274,260,162,182,201,180,166,106,115,127,202,201,199
ARMENIA,2012,430,1161,2305,5159,3537,3145,1992,2475,3248,3432,2874,3217,8834
ATLANTICO,2012,3099,1675,2600,2791,3635,5229,2455,1830,2319,2094,2473,1836,1207
BARRANQUILLA,2012,1742,1636,1451,1670,1923,1931,1773,1479,1730,1977,2328,1456,1656
BOGOTA DC,2012,20783,33597,48438,48242,42098,43757,46231,49548,51900,59492,58279,46413,59052
BOLIVAR,2012,2700,2257,1914,2170,2909,2864,2767,1734,3064,2462,2060,2706,2735
BOYACA,2012,2245,2986,4109,3539,3096,3553,3009,3314,4112,3475,4077,5502,3024
BUCARAMANGA,2012,1949,2843,2024,1882,2206,1738,1410,2031,2179,2512,2364,2909,2620
CALDAS,2012,1278,971,1006,900,1142,1039,1076,1162,1585,1415,1619,1446,1205
CALI,2012,11502,7556,15802,11656,9476,14619,10652,14284,17141,18808,11585,12504,12917
CAQUETA,2012,771,517,495,811,879,611,666,757,571,784,743,961,820
CARTAGENA,2012,3156,2825,2911,3079,3908,3152,4652,3173,4652,5901,3524,4871,3806
CASANARE,2012,921,659,699,501,796,708,734,630,778,507,691,665,618
CAUCA,2012,3730,4175,3821,3072,3650,3655,3689,5567,5311,3706,4913,4941,3670
CESAR,2012,1557,1861,1344,1764,4114,2682,1990,1799,1548,1945,2271,2028,1951
CHOCO,2012,201,289,241,497,341,352,480,439,301,356,327,215,366
CORDOBA,2012,2040,3334,3531,3504,1877,6940,4466,3658,2442,3808,4017,4156,3280
CUNDINAMARCA,2012,4385,3735,5769,5365,6329,4855,4644,6905,5719,7930,7658,7426,5986
FLORENCIA,2012,827,647,715,776,1650,953,1028,1172,1237,1354,1586,1555,2262
GUAINIA,2012,2,17,13,7,7,8,1,2,3,8,6,,12
GUAVIARE,2012,80,175,119,141,135,79,78,78,73,79,92,104,90
HUILA,2012,1557,3903,2708,2792,2800,2610,1867,2610,2552,2845,3196,3394,2855
IBAGUE,2012,6669,1563,1605,1500,1630,1192,3942,4372,1937,2132,9989,8361,2682
PUERTO INIRIDA,2012,116,164,111,152,83,98,106,128,110,149,157,133,200
LA GUAJIRA,2012,979,1237,1986,1661,2412,2223,1319,1916,1868,2285,2602,2815,2182
LETICIA,2012,169,180,210,365,344,435,362,419,377,374,345,325,235
MAGDALENA,2012,3098,2386,2610,2715,3587,3374,2348,3072,2885,2950,2534,2961,2148
MANIZALES,2012,1877,1678,2414,2296,2487,1986,2124,2357,3552,2700,3060,2658,2417
MEDELLIN,2012,16760,9867,12719,13172,12266,12645,14580,16978,20119,17823,15053,12063,6316
META,2012,1272,285,2462,1796,2067,1744,1106,1406,1530,1476,1384,885,1159
MITU,2012,153,247,157,130,114,155,120,150,116,149,74,62,30
MOCOA,2012,42,199,212,235,115,138,107,167,192,177,238,344,294
MONTERIA,2012,1222,1485,960,1280,680,2506,1156,1328,1095,1964,1475,1314,1111
NARIÑO,2012,1677,4288,4622,4771,4805,4248,3429,4787,5360,5584,5249,5287,3929
NEIVA,2012,648,1705,1180,1055,1005,931,851,1261,1202,1156,1167,1309,1455
NORTE DE SANTANDER,2012,1308,2213,1677,1609,1793,2073,1420,1984,2198,2396,1893,1797,1604
PASTO,2012,862,2139,2000,1997,2589,2607,2278,3007,2908,2399,2462,2595,2208
PEREIRA,2012,1793,2199,1159,1333,1737,1362,785,1628,1880,2451,2178,2000,1399
POPAYAN,2012,578,529,480,886,597,494,716,860,947,655,771,775,515
PUERTO CARREÑO,2012,33,23,59,43,73,23,11,14,18,17,20,8,4
PUTUMAYO,2012,250,760,792,755,579,784,670,1070,780,1029,980,1211,1177
QUIBDO,2012,202,147,106,266,123,155,437,224,276,351,348,184,265
QUINDIO,2012,734,1032,1307,1337,1760,1269,919,1263,1515,1853,1483,1166,984
RIOHACHA,2012,620,387,622,1121,1825,2100,1683,2253,2654,3222,3423,4133,3386
RISARALDA,2012,713,1742,1127,1095,1898,1440,839,1412,1652,2149,1569,1388,1026
SAN ANDRES,2012,3,7,,,7,12,22,7,35,9,2,1,
SAN ANDRES CAP,2012,273,221,69,121,165,173,97,132,141,179,220,233,373
CUCUTA,2012,1632,3611,2772,2283,2595,3016,2336,3246,3351,3115,3348,3125,3084
SAN JOSE DEL GUAVIARE,2012,185,269,266,188,203,266,127,226,208,253,293,238,270
SANTA MARTA,2012,372,643,782,1095,1972,1825,1844,1927,1645,1707,2194,1858,1116
SANTANDER,2012,2861,4572,3621,3983,4423,3060,3165,3505,3738,4820,4081,5180,3445
SINCELEJO,2012,1050,1247,734,1155,1431,1087,1491,1196,1007,1247,1574,993,956
SUCRE,2012,1409,1841,867,1324,1525,1677,1801,1509,1427,1505,1496,1352,1329
TOLIMA,2012,1960,2952,3771,2034,2878,1785,2554,2165,2596,2836,2425,2860,2900
TUNJA,2012,415,851,568,1002,1031,804,946,873,1193,840,1070,1112,829
VALLE DEL CAUCA,2012,8498,7732,10096,7732,6333,8612,9071,9409,11182,11288,10311,9324,8879
VALLEDUPAR,2012,2797,3672,2916,2793,4975,4195,3697,6800,1653,2280,1493,1305,1108
VAUPES,2012,31,46,33,1,14,45,37,68,46,58,75,70,17
VICHADA,2012,13,136,63,94,47,133,68,66,86,93,40,27,17
VILLAVICENCIO,2012,2729,2068,3693,3721,3648,4139,11966,3908,2849,3452,2846,3145,2896
YOPAL,2012,377,272,429,353,490,444,387,430,423,323,451,428,467
AMAZONAS,2013,,651,66,,,,,,,,,,2225
ANTIOQUIA,2013,94437,103805,,,,,,,,,,,4
ARAUCA,2013,,,,,,,,,,,,,7589
ARAUCA CAP,2013,,,,,,,,,,,,,2551
ARMENIA,2013,,4,,,,,,,,24108,,,
ATLANTICO,2013,,37660,895,,,,,,,,,,17
BARRANQUILLA,2013,,13731,55071,,,,,,1,,,,163
BOGOTA DC,2013,190,11,365937,340929,,,7,4,,,47,86,3
BOLIVAR,2013,,2,,9348,25472,,,,,41,,,
BOYACA,2013,2,5,11,1,20773,23989,,,,,,,3
BUCARAMANGA,2013,,,,,,,,,,,29593,,
CALDAS,2013,,11,,,,15551,1,,,,,,
CALI,2013,,,,,,33,,,,,,166886,260
CAQUETA,2013,,,,,,9981,,,,,,,
CARTAGENA,2013,1,50,,233,55368,283,,,,,,,
CASANARE,2013,,,,,,,,,,,,,8397
CAUCA,2013,40,,,,,41808,7781,,,,,,14
CESAR,2013,,,,,,,25474,,,,,,
CHOCO,2013,,,,,,25,,5489,,,,,
CORDOBA,2013,,25,,,,,47372,,,,,,
CUNDINAMARCA,2013,,23,,,,,58478,44236,,,,,2
FLORENCIA,2013,,,,,,17076,,,,,,,
GUAINIA,2013,,,,,,,,,,,,,149
GUAVIARE,2013,,,,,,,,,,,,,1433
HUILA,2013,,,,,,,,40385,,,,,
IBAGUE,2013,,,,,,,,,,,31716,4005,
PUERTO INIRIDA,2013,,,,,,,,,,,,,1606
LA GUAJIRA,2013,,,,,,,,22148,4273,,,,
LETICIA,2013,42,,,,,,,,,,,,5756
MAGDALENA,2013,,,,,,,,,31459,,,,
MANIZALES,2013,,,,,,32152,,,,,,,
MEDELLIN,2013,188032,290,,,,,,,,,,,
META,2013,,,,,,,,,19304,,,,6
MITU,2013,,,,,,,,,,,,,753
MOCOA,2013,,,,,,,,,,,,,2566
MONTERIA,2013,,,,,14,,17847,,,,,,
NARIÑO,2013,,20,,,,,,,30458,32161,,,
NEIVA,2013,,,,,,,,19147,,,,,
NORTE DE SANTANDER,2013,,,,,,,,,,20289,,,
PASTO,2013,,,,,,,,,34762,30,,,
PEREIRA,2013,,,,,,33,,,,23950,109,,
POPAYAN,2013,,,,,,11679,2,,,,,,
PUERTO CARREÑO,2013,,,,,,,,,,,,,406
PUTUMAYO,2013,,,,,,,,,,,,,11328
QUIBDO,2013,,,,,,,,6291,,,,,
QUINDIO,2013,,,,,,,,,,17337,,,1
RIOHACHA,2013,,,,,,,,14609,13,,,,
RISARALDA,2013,,,,,,,,,,17599,1044,,
SAN ANDRES,2013,,,,,,,,,,,,,104
SAN ANDRES CAP,2013,,,,,,,,,,,,,4193
CUCUTA,2013,1,,,,,,,,,44038,,,
SAN JOSE DEL GUAVIARE,2013,,,,,,7,,,,,,,2978
SANTA MARTA,2013,,,,,,,,,13805,,,,
SANTANDER,2013,,,2,,,3,,,,1,44920,5,2
SINCELEJO,2013,,,,,,,,,,,16354,,
SUCRE,2013,,,,,,,,,,,20516,,
TOLIMA,2013,6,,,,,,,,,,,29980,
TUNJA,2013,,,,,12239,31,,,,,,,
VALLE DEL CAUCA,2013,,1,,,,,,,,1,,53493,59939
VALLEDUPAR,2013,,,,,,,28359,,,,,,
VAUPES,2013,,,,,,,,,,,,,461
VICHADA,2013,4,,,,,,,,,,,,562
VILLAVICENCIO,2013,,1,,,,,,,50744,,,,
YOPAL,2013,,,,,,,,,,,,,6651
AMAZONAS,2014,376,224,447,333,261,389,397,314,400,397,529,377,607
ANTIOQUIA,2014,15747,14049,13672,12323,13384,13695,12993,16496,15880,17618,18043,13295,13353
ARAUCA,2014,617,599,530,324,423,543,560,543,560,474,455,459,579
ARAUCA CAP,2014,246,238,171,157,191,244,159,174,195,147,180,164,191
ARMENIA,2014,2536,1942,1577,1187,1352,2004,2189,2128,2370,2273,2021,1756,1462
ATLANTICO,2014,5888,3142,2505,2199,2445,3543,3853,2169,2141,4197,5027,5026,3502
BARRANQUILLA,2014,5506,6388,4486,5181,4241,5845,7124,5599,4809,6861,7758,6908,4993
BOGOTA DC,2014,49722,76778,61978,46170,49362,56699,44300,60575,55395,56418,53273,57023,45901
BOLIVAR,2014,2637,3492,2828,2653,2543,3164,3169,3010,3072,3252,3684,3499,3241
BOYACA,2014,4226,4550,4910,4027,3769,3627,3127,3075,3655,3814,3477,3138,2338
BUCARAMANGA,2014,1894,2697,2279,2823,1814,2118,2189,1867,1923,2517,2141,2040,1902
CALDAS,2014,1032,1389,1796,1069,1038,1321,1387,1588,1764,1610,1607,1528,1294
CALI,2014,12873,11541,12113,16173,11527,14103,12528,22207,13377,17096,12172,13536,13114
CAQUETA,2014,951,1033,1167,782,830,795,684,793,817,702,752,859,625
CARTAGENA,2014,3805,5155,5394,4384,3295,6433,4659,4526,4612,4696,3816,3990,3903
CASANARE,2014,551,657,829,533,709,847,681,680,596,768,706,714,580
CAUCA,2014,2678,3402,4615,3562,3056,3148,2790,3344,3136,3590,3937,4139,3375
CESAR,2014,2008,1925,2264,2028,2246,2591,2433,2064,2076,2283,1931,2287,1827
CHOCO,2014,586,487,749,500,672,696,348,558,597,666,616,629,812
CORDOBA,2014,2620,3408,4757,3658,3591,3731,3074,2951,3116,3058,3261,3072,2974
CUNDINAMARCA,2014,9131,10951,11650,8485,9000,9548,7606,9438,9596,9675,10578,9885,8359
FLORENCIA,2014,1594,1489,1351,981,1157,1202,1582,1062,1170,730,1406,1036,1328
GUAINIA,2014,33,13,10,54,6,31,12,25,14,27,16,13,22
GUAVIARE,2014,50,132,113,185,181,172,126,66,103,138,58,69,78
HUILA,2014,2915,3586,3402,3036,2519,2331,2313,2576,2405,2547,2569,2952,2672
IBAGUE,2014,4166,3038,2798,2283,4491,2961,3108,5022,4908,2738,4860,2918,3118
PUERTO INIRIDA,2014,84,118,133,143,140,86,128,114,92,107,72,20,91
LA GUAJIRA,2014,1701,1981,1485,1740,1559,1716,1877,2071,2143,2423,3311,3264,2385
LETICIA,2014,497,432,403,236,159,242,209,221,234,198,342,787,282
MAGDALENA,2014,1728,2546,2368,2566,3402,3495,3317,3131,2812,2867,2727,3189,2957
MANIZALES,2014,1846,2569,3560,2431,2311,2800,2702,2371,2028,2401,2576,2312,2052
MEDELLIN,2014,16094,13938,14567,13725,14054,14423,13706,17964,18566,19044,15153,16075,16542
META,2014,1600,1331,1422,1398,1969,1548,1340,1597,1771,1657,1379,1567,1407
MITU,2014,18,36,38,104,54,58,66,51,46,111,84,52,31
MOCOA,2014,369,233,265,241,206,240,236,246,210,310,217,256,242
MONTERIA,2014,1439,1403,1620,1154,1200,1234,1208,1216,1318,1428,1509,1252,1151
NARIÑO,2014,3361,4721,5272,4959,5758,5540,4931,4690,4209,4167,3875,4357,4000
NEIVA,2014,2539,1829,1350,1263,1215,1194,1293,1516,1551,1402,1723,1903,2068
NORTE DE SANTANDER,2014,1339,1681,1523,1504,1842,1555,1428,1551,1857,2047,1974,1703,1388
PASTO,2014,1470,3125,3332,3408,4703,3597,2635,3304,2730,3048,2908,2628,2517
PEREIRA,2014,2749,2027,1918,1505,1643,1869,3651,3129,1980,2421,2598,1693,2721
POPAYAN,2014,1011,1109,992,840,799,830,491,532,1138,1076,1160,1076,783
PUERTO CARREÑO,2014,54,33,52,47,67,68,53,26,79,148,164,83,53
PUTUMAYO,2014,664,877,873,805,924,901,668,760,774,808,865,1036,961
QUIBDO,2014,260,290,707,212,248,564,622,385,411,220,287,296,210
QUINDIO,2014,1970,1327,1251,1041,1036,1250,1458,1916,2212,1621,1580,1251,971
RIOHACHA,2014,868,821,1059,862,1523,1514,1080,1203,1076,1348,1728,1979,1352
RISARALDA,2014,1468,1553,1949,1515,1030,1458,1949,1798,2071,2129,1829,1896,1374
SAN ANDRES,2014,1,6,16,7,3,5,8,9,9,10,13,12,3
SAN ANDRES CAP,2014,255,200,233,177,154,214,306,417,363,378,230,256,288
CUCUTA,2014,3683,4232,3319,2800,3655,2738,2958,3861,4076,3448,3882,3322,3438
SAN JOSE DEL GUAVIARE,2014,159,249,241,245,176,179,178,163,183,216,147,122,163
SANTA MARTA,2014,918,709,582,607,856,837,1006,995,1072,1409,991,955,641
SANTANDER,2014,6138,3370,3243,2799,2587,3253,4023,3279,3537,4214,4223,3689,3408
SINCELEJO,2014,906,1009,1503,899,1167,1233,1245,1374,844,1408,1186,1270,920
SUCRE,2014,1171,1090,1001,1008,1090,1390,1667,1700,1478,1561,1675,1688,1224
TOLIMA,2014,2697,2700,2336,3762,2194,2318,2655,3602,2626,2628,2649,2290,1955
TUNJA,2014,1194,1149,1682,1211,1473,1021,1021,805,1257,1100,980,905,924
VALLE DEL CAUCA,2014,9704,8917,8971,8300,10099,8730,8832,11266,9776,11000,8915,9106,7628
VALLEDUPAR,2014,1212,2260,2348,2606,3549,3508,2833,2582,2320,2975,2524,2479,2650
VAUPES,2014,19,4,,13,43,20,27,20,3,32,48,37,13
VICHADA,2014,25,72,69,77,134,117,124,62,77,89,92,52,52
VILLAVICENCIO,2014,3660,4534,3124,2750,4132,2879,3049,3596,3751,3263,3713,4703,2451
YOPAL,2014,311,446,501,300,318,414,397,381,404,527,432,319,290
AMAZONAS,2015,159,197,289,203,280,195,245,264,171,258,135,279,311
ANTIOQUIA,2015,14652,15906,12601,16689,16388,13350,15599,15334,15060,15429,16270,15732,11490
ARAUCA,2015,471,528,651,417,474,722,490,713,576,558,502,561,629
ARAUCA CAP,2015,100,169,216,113,149,218,126,162,144,143,127,153,192
ARMENIA,2015,1430,1823,2217,2084,1801,1785,2731,1742,2251,2433,1680,1825,2225
ATLANTICO,2015,4552,5332,4992,4197,5510,4522,5503,4584,5122,5355,5482,6322,3048
BARRANQUILLA,2015,6846,5676,5553,6887,6428,5731,5870,6070,6828,6866,6433,6729,5228
BOGOTA DC,2015,58390,59650,55993,56538,65277,63760,59587,51861,69235,64087,66531,68433,49224
BOLIVAR,2015,3171,3214,3282,3476,3153,3273,3502,3383,3695,3506,3023,3544,3143
BOYACA,2015,4457,3458,3334,3981,3816,3267,4017,3615,4691,3635,3476,3296,3536
BUCARAMANGA,2015,2270,3878,2477,2477,2973,3595,2923,2805,2806,2813,3523,2278,2437
CALDAS,2015,1379,1426,1444,1360,1645,1519,1431,1274,1495,1508,1572,1395,1599
CALI,2015,11481,12649,13837,12448,16088,16890,12887,13536,13242,14525,11325,12449,11939
CAQUETA,2015,703,541,849,791,647,736,720,894,717,758,696,690,853
CARTAGENA,2015,4444,4756,4276,4974,5440,4104,5228,4835,4208,4883,4514,4385,4685
CASANARE,2015,474,724,838,675,697,910,646,768,725,720,676,723,699
CAUCA,2015,3711,2734,3395,3665,3942,3602,4296,4489,4224,3813,4762,3815,4165
CESAR,2015,1904,2047,2287,2007,2214,2194,2362,2153,2149,2344,2034,2172,2429
CHOCO,2015,489,593,558,813,578,565,717,638,758,610,498,568,596
CORDOBA,2015,3158,3245,3271,3688,3380,3272,3502,3547,3403,3285,3293,3469,3618
CUNDINAMARCA,2015,12450,10631,12152,11328,11660,12322,11914,11309,13206,13780,12667,11627,12504
FLORENCIA,2015,1061,1072,1253,1716,1258,1394,1787,1055,1558,1362,1285,1050,1260
GUAINIA,2015,4,5,9,9,13,13,7,27,5,2,12,,18
GUAVIARE,2015,87,95,92,108,105,151,174,133,90,130,114,66,121
HUILA,2015,2450,2504,2914,2919,2739,2850,2736,2666,3036,2766,2504,2734,3058
IBAGUE,2015,2909,2816,4342,3526,3206,3825,3727,3488,3524,3296,3077,3495,2815
PUERTO INIRIDA,2015,60,88,101,100,119,99,95,166,42,245,117,77,109
LA GUAJIRA,2015,2755,2606,2883,3078,2836,3015,3049,2863,3060,3098,2943,2581,3443
LETICIA,2015,233,513,476,255,388,587,341,357,413,258,283,531,446
MAGDALENA,2015,4088,3872,3310,3912,3437,3394,4418,4123,3858,3961,4135,3502,3778
MANIZALES,2015,2465,2267,2330,2153,2573,2339,2495,2250,2309,2700,2315,1959,2324
MEDELLIN,2015,15969,19070,13559,16197,21458,14957,16759,14510,20349,16880,16732,17784,12268
META,2015,1365,1208,1652,1545,1589,1367,1583,1358,1615,1619,1638,1431,1503
MITU,2015,22,78,62,30,59,39,48,88,72,61,46,30,67
MOCOA,2015,339,190,263,240,358,472,307,415,342,175,252,432,174
MONTERIA,2015,1318,1380,1573,1551,1645,1592,1526,1433,1682,1565,1608,1677,1653
NARIÑO,2015,5074,3463,5586,5294,4871,4879,5316,5242,5006,5231,5166,4939,4792
NEIVA,2015,2016,1907,1860,2201,2052,1963,2302,2401,2036,2020,2173,1789,2091
NORTE DE SANTANDER,2015,1331,2090,1851,1987,1921,1876,1988,1940,1980,2080,1968,1761,1962
PASTO,2015,3507,4558,3512,3490,3085,3163,3618,5332,3179,3362,6433,3310,3410
PEREIRA,2015,2241,2197,4090,3648,2393,2824,2588,2722,3140,2578,2343,2762,3753
POPAYAN,2015,826,828,836,938,748,1012,974,880,1050,836,994,896,1005
PUERTO CARREÑO,2015,85,84,83,134,96,111,81,111,98,96,45,106,109
PUTUMAYO,2015,681,944,1423,781,1114,1378,797,1305,1120,1080,1084,1125,1359
QUIBDO,2015,398,667,412,692,501,434,847,410,659,477,666,567,512
QUINDIO,2015,1070,1307,1587,1534,1297,1259,1749,1295,1236,1534,1357,1287,1390
RIOHACHA,2015,1540,1676,1446,2608,2377,1716,1871,2758,1127,1864,2119,1637,2327
RISARALDA,2015,1451,1519,2031,1433,1879,1927,1887,1569,1962,1564,1779,1622,1710
SAN ANDRES,2015,18,19,19,3,25,14,18,23,4,12,22,12,12
SAN ANDRES CAP,2015,381,309,342,263,298,310,237,261,330,302,292,286,304
CUCUTA,2015,2334,4447,3693,3719,4227,3546,4498,3194,3951,4537,4157,3420,4073
SAN JOSE DEL GUAVIARE,2015,199,180,232,144,200,227,194,325,197,243,122,234,254
SANTA MARTA,2015,918,732,883,817,853,871,958,816,900,1079,822,856,894
SANTANDER,2015,2490,4011,4019,3257,3350,5153,3624,3582,4527,3746,4029,3518,3901
SINCELEJO,2015,956,1514,1749,1024,1568,1600,1254,1226,1250,1544,1348,1274,1572
SUCRE,2015,1465,1934,1886,2061,1679,2071,1834,1940,1786,1909,1706,1825,1671
TOLIMA,2015,2147,2568,3274,2252,2579,3876,2755,2565,2725,3288,3104,2649,2936
TUNJA,2015,1503,1299,1113,1202,998,963,1514,1272,1227,1332,1063,966,1356
VALLE DEL CAUCA,2015,7192,8143,9607,7941,8211,10473,7553,10045,9210,9172,8088,8819,8705
VALLEDUPAR,2015,1916,2174,1916,3521,1932,1649,2896,2280,2096,2978,1724,1987,1660
VAUPES,2015,18,24,33,21,14,25,10,27,22,26,15,25,29
VICHADA,2015,103,100,97,80,95,106,56,165,93,85,159,104,135
VILLAVICENCIO,2015,3263,2711,3516,4216,3380,3470,4479,3642,3396,4331,3422,3377,3420
YOPAL,2015,374,436,574,456,498,614,415,613,501,502,504,474,518
AMAZONAS,2016,88,84,153,122,105,138,81,150,68,114,129,121,152
ANTIOQUIA,2016,18872,15591,18610,14604,18544,14904,16532,18749,16871,17793,20305,13815,16965
ARAUCA,2016,469,561,683,626,587,602,628,663,583,717,562,516,699
ARAUCA CAP,2016,175,155,193,109,154,158,147,175,146,168,180,139,172
ARMENIA,2016,1599,2135,2382,2433,1788,2165,2031,2104,2428,1991,1743,2216,1825
ATLANTICO,2016,5189,4441,4588,4666,3938,4034,4241,4289,4168,4569,4081,4789,3276
BARRANQUILLA,2016,7637,7649,6481,6080,6331,6106,7442,6388,7370,7310,6617,7235,5164
BOGOTA DC,2016,70106,59309,69391,63118,67496,61696,65987,61275,71686,64743,56629,66971,60804
BOLIVAR,2016,3245,3403,2689,3612,3404,2919,3131,3596,3311,2816,3477,3739,2684
BOYACA,2016,4909,3977,3216,4242,4202,4386,3267,3538,4985,3465,3764,3712,3562
BUCARAMANGA,2016,2778,3888,5606,3862,3968,3443,4329,3841,3871,4289,3438,2833,4751
CALDAS,2016,1167,1119,994,1458,1046,1275,1285,1025,1330,1273,1027,1279,1016
CALI,2016,22711,27363,25613,24104,29121,22359,26073,27383,22611,27941,23423,18161,21806
CAQUETA,2016,816,622,598,816,711,769,665,761,676,655,564,607,708
CARTAGENA,2016,5344,5191,4373,5538,4930,5119,4939,4888,4988,5046,4131,4901,4564
CASANARE,2016,663,770,943,710,841,939,880,769,747,955,671,729,956
CAUCA,2016,5113,6044,6137,4856,5665,6826,4364,6805,7250,4471,5435,6816,4643
CESAR,2016,1815,2576,1612,2488,2081,1956,2053,2478,2080,1986,2188,2329,1959
CHOCO,2016,440,548,467,611,368,454,544,562,675,457,414,575,550
CORDOBA,2016,3728,4654,3714,4105,3712,3865,3761,3720,4211,3772,3626,4271,3447
CUNDINAMARCA,2016,9988,14693,11432,14803,12505,12606,13654,11623,13340,13438,10056,13452,11832
FLORENCIA,2016,1038,1294,1292,1459,1144,1113,1202,1081,1294,1132,1132,1273,1270
GUAINIA,2016,7,14,,7,6,10,7,6,4,6,17,6,3
GUAVIARE,2016,104,74,95,98,83,90,87,106,89,62,41,130,72
HUILA,2016,1833,3341,2198,3264,2700,2631,2651,2550,2615,2785,2204,2878,2699
IBAGUE,2016,2455,3024,3067,3454,3301,3149,3369,2490,2538,4259,2722,2638,3760
PUERTO INIRIDA,2016,64,97,91,111,79,109,91,80,109,115,96,99,85
LA GUAJIRA,2016,2881,4109,3512,3229,4753,3535,2616,4762,4027,2854,4097,3858,2571
LETICIA,2016,321,459,335,295,348,377,325,411,239,325,212,276,351
MAGDALENA,2016,3336,4547,3572,4385,4250,4253,3349,3958,4478,3779,4024,4343,3403
MANIZALES,2016,3035,2637,2612,3325,2798,2579,3190,2305,3149,3177,2254,3113,2432
MEDELLIN,2016,20122,16490,22317,15557,28218,16316,20073,22395,16724,20902,23584,14629,20096
META,2016,1072,1484,1550,1603,1252,1477,1543,1216,1618,1735,1210,1471,1547
MITU,2016,29,91,61,49,102,146,80,58,126,69,52,32,119
MOCOA,2016,225,170,312,166,279,198,330,326,148,294,220,153,194
MONTERIA,2016,1300,1660,1273,1708,1366,1344,1597,1413,1500,1232,1781,1528,1232
NARIÑO,2016,4031,5223,4955,5862,4822,4241,5931,4977,5310,4741,4924,5514,4934
NEIVA,2016,1346,2869,2041,2552,2124,2413,2274,2211,2790,2088,2250,2250,2328
NORTE DE SANTANDER,2016,1747,2005,2150,2257,1754,2027,2314,1786,2075,2153,1593,2049,2249
PASTO,2016,2384,2803,2365,3667,2489,2793,2883,2555,2959,2963,3102,2824,2650
PEREIRA,2016,3646,3647,4421,4711,3524,3839,4845,4376,4450,3981,3904,4481,2856
POPAYAN,2016,1184,1512,1262,1326,1197,1165,1084,1160,1155,1212,1001,1253,927
PUERTO CARREÑO,2016,82,75,145,34,173,154,41,179,74,107,101,104,98
PUTUMAYO,2016,863,1238,1107,889,1113,971,1425,1083,812,1519,943,890,1209
QUIBDO,2016,267,413,279,448,271,354,344,299,627,316,413,477,322
QUINDIO,2016,1043,1318,1372,2016,879,1387,1935,1275,1347,1623,1016,1360,1457
RIOHACHA,2016,1092,1653,1367,1514,1404,1896,901,1208,1127,1479,1277,1975,1261
RISARALDA,2016,1427,1715,1730,2098,1416,1608,2061,1603,1848,1745,1553,1892,1633
SAN ANDRES,2016,1,37,26,7,31,34,15,19,32,3,13,29,32
SAN ANDRES CAP,2016,323,378,276,222,289,321,373,274,227,313,400,326,309
CUCUTA,2016,3160,3580,3463,3696,3666,3382,3730,3460,4027,4207,3066,3602,3718
SAN JOSE DEL GUAVIARE,2016,261,260,285,162,306,266,171,303,299,249,231,259,239
SANTA MARTA,2016,759,941,1121,1150,1047,1041,925,1241,1066,896,974,977,935
SANTANDER,2016,2988,3493,4103,3724,3495,3899,3977,3287,3360,4076,3586,3334,4607
SINCELEJO,2016,1325,1331,1389,1471,1618,1086,1582,1487,1374,1609,1348,1230,1609
SUCRE,2016,1805,2648,2559,2453,2163,2350,2790,2938,2129,2842,2751,2083,3017
TOLIMA,2016,2058,2942,2708,2690,2473,2473,3126,2073,2033,3178,2357,2007,2910
TUNJA,2016,1075,1066,983,1401,1044,1265,923,915,1269,982,1168,1053,1111
VALLE DEL CAUCA,2016,7571,10060,10087,9741,9925,10125,13381,9928,9060,12174,8708,8403,10591
VALLEDUPAR,2016,1715,3657,1648,2490,2926,3231,1944,2811,2251,2642,3812,2295,1913
VAUPES,2016,84,10,41,37,12,27,40,49,10,42,12,33,51
VICHADA,2016,104,102,128,102,78,125,97,134,133,117,73,103,108
VILLAVICENCIO,2016,3054,3063,5002,4481,3504,4732,4057,3600,4191,4296,2933,4252,3798
YOPAL,2016,466,531,490,490,500,512,549,550,372,614,438,513,618
AMAZONAS,2017,134,125,139,87,132,148,100,207,113,109,128,143,99
ANTIOQUIA,2017,13567,17963,16931,14360,17237,14227,16820,14147,16558,14222,18320,12928,12767
ARAUCA,2017,546,510,491,607,513,504,479,572,533,496,619,536,502
ARAUCA CAP,2017,207,178,161,157,173,183,146,176,156,202,181,152,188
ARMENIA,2017,1708,1994,1888,1970,2170,2069,2202,1873,2173,2165,1930,2142,1902
ATLANTICO,2017,4529,3844,3658,4605,5110,3870,3059,4254,4646,4663,3659,4505,3341
BARRANQUILLA,2017,7082,6364,7083,7044,7675,6048,5792,7015,5615,8234,5268,6348,4614
BOGOTA DC,2017,55576,73408,56659,64623,64782,76406,62474,67985,69400,53260,78534,53830,52338
BOLIVAR,2017,2674,2978,2737,2757,2996,3123,2289,2861,3322,2823,2919,3264,1889
BOYACA,2017,4210,3452,3868,3775,3877,3122,3657,3837,3990,3256,3924,3204,3267
BUCARAMANGA,2017,3694,4741,4130,2491,4342,4231,3619,3636,3426,3894,3812,4249,2983
CALDAS,2017,1118,937,967,954,971,1065,1002,891,1091,1229,985,1000,1171
CALI,2017,14798,16357,16271,14997,16746,16304,14225,16380,17229,15193,16122,16265,12290
CAQUETA,2017,951,950,793,675,637,819,749,815,801,889,739,934,672
CARTAGENA,2017,4066,3516,3517,4125,3250,3844,3788,3434,3625,4318,4267,3293,3316
CASANARE,2017,611,598,579,563,617,569,578,612,485,548,557,584,563
CAUCA,2017,3615,3392,4420,3494,3706,4295,3582,3762,3719,4071,3847,3940,4545
CESAR,2017,2063,2158,1822,2139,1888,2309,2132,1968,2183,2150,1907,1926,1955
CHOCO,2017,261,448,423,257,426,446,364,514,404,270,402,694,218
CORDOBA,2017,3365,3194,3299,2958,3549,3074,3262,3349,3238,3040,3494,3410,3096
CUNDINAMARCA,2017,11197,11712,11109,11277,12119,11698,11799,11315,11155,12651,11340,11582,10999
FLORENCIA,2017,1432,1418,1080,1004,1320,1138,1098,1039,1750,1689,1564,1702,1793
GUAINIA,2017,8,16,5,2,12,5,7,15,6,5,20,9,5
GUAVIARE,2017,69,80,92,87,74,67,70,80,75,77,80,76,63
HUILA,2017,2642,3019,2914,2538,2799,2989,2522,2716,3054,2740,2545,3007,2922
IBAGUE,2017,4499,4912,4495,4783,4451,4375,5010,4248,4695,5049,4360,5030,4486
PUERTO INIRIDA,2017,119,92,95,120,144,100,134,127,115,117,117,91,123
LA GUAJIRA,2017,3331,2605,3106,3233,2911,2802,3529,3044,3354,3672,3535,3385,2972
LETICIA,2017,269,301,314,309,323,281,286,322,406,295,304,291,266
MAGDALENA,2017,3675,3858,3560,3941,3631,3464,3657,3808,3580,4949,3717,4237,3915
MANIZALES,2017,2075,2237,2168,2143,2266,2155,2362,1871,2242,2365,2334,2121,2043
MEDELLIN,2017,16169,21914,22130,21974,20280,18241,22550,16430,22789,19411,22995,15570,19100
META,2017,1218,1258,1333,1157,1211,1261,1193,1247,1019,1127,1139,1353,1191
MITU,2017,84,15,53,35,37,64,55,51,90,75,16,81,64
MOCOA,2017,253,233,193,213,298,231,251,235,212,221,239,202,225
MONTERIA,2017,1444,1469,1518,1531,1378,1444,1281,1323,1530,1355,1358,1480,1326
NARIÑO,2017,3874,4047,4160,3908,4016,4114,3921,4521,4339,4252,3674,4073,4287
NEIVA,2017,1966,2135,2437,2139,2080,2246,2010,2126,2326,2125,1959,2307,2230
NORTE DE SANTANDER,2017,1989,1870,2051,1935,2090,2072,1933,1899,1958,2143,2018,2109,2161
PASTO,2017,3644,3446,2381,2734,3675,2631,3060,3237,3291,4014,3608,3042,2770
PEREIRA,2017,2636,2755,2493,2630,2925,2974,2184,2686,2748,2554,2331,2803,2255
POPAYAN,2017,1012,1076,1081,1152,1131,1021,1055,1235,1172,1135,945,1239,1104
PUERTO CARREÑO,2017,50,84,89,79,84,74,62,84,53,47,90,146,83
PUTUMAYO,2017,1019,1205,925,984,1124,1001,983,1046,1225,917,1042,1123,983
QUIBDO,2017,385,512,517,407,460,349,589,420,518,391,476,381,471
QUINDIO,2017,1094,1178,1184,995,1244,1168,952,1174,1227,1043,1077,1115,1019
RIOHACHA,2017,1639,1141,1453,1667,1576,1367,1491,1216,1572,1449,1444,1484,1618
RISARALDA,2017,1557,1607,1295,1286,1634,1410,1606,1460,1374,1367,1514,1536,1332
SAN ANDRES,2017,10,63,12,10,12,9,21,11,13,10,26,9,10
SAN ANDRES CAP,2017,304,312,408,307,378,358,345,360,349,334,279,330,382
CUCUTA,2017,3412,4197,3411,3921,3709,3656,4245,3828,3455,4152,3573,3909,3525
SAN JOSE DEL GUAVIARE,2017,171,244,211,212,225,226,214,245,248,270,175,224,227
SANTA MARTA,2017,1389,1441,1356,1654,1132,1319,1638,1186,1233,1634,1145,1337,1304
SANTANDER,2017,3465,3701,3891,2943,3397,3266,3658,3436,3413,3628,3403,3481,3161
SINCELEJO,2017,900,923,852,895,800,911,903,792,869,942,918,843,893
SUCRE,2017,2015,1891,1960,2085,2338,2623,1806,1830,2503,2198,1646,2058,2033
TOLIMA,2017,2292,2405,2478,2314,2434,2404,2200,2439,2610,2501,2330,2437,2396
TUNJA,2017,778,983,816,801,940,919,772,1000,907,770,988,859,801
VALLE DEL CAUCA,2017,7912,8710,8465,8045,8232,8478,7870,8372,8153,8030,8638,8565,7243
VALLEDUPAR,2017,2806,2839,2983,2400,3062,2315,2259,2777,2914,2939,1856,3084,2568
VAUPES,2017,28,37,12,17,38,19,46,53,20,30,44,13,45
VICHADA,2017,76,87,81,72,91,85,82,94,142,77,81,85,95
VILLAVICENCIO,2017,2070,3019,2279,2374,3676,2505,2546,2532,2147,2437,2419,2601,2597
YOPAL,2017,363,468,357,416,451,382,445,401,382,424,373,457,400
AMAZONAS,2018,2185,,,,,,,,,,,,
ANTIOQUIA,2018,163551,48836,,,,,2,,,,,10,13
ARAUCA,2018,,7304,,,,,,,,,,,1
ARAUCA CAP,2018,,2611,,,,,,,,,,,
ARMENIA,2018,,,,1,,,,,,,25378,,
ATLANTICO,2018,,55362,21,,,,,,,,,,2
BARRANQUILLA,2018,,22123,80556,,,,,,,,,,
BOGOTA DC,2018,15,,426602,433917,,,1,12,,,,,46
BOLIVAR,2018,,,,21730,17252,,,,,,,,1
BOYACA,2018,,,,,46393,,,,,,,,34
BUCARAMANGA,2018,,,,,,,,,,,29457,22127,
CALDAS,2018,1,,,,14454,,,,,,,,13
CALI,2018,,,,,,,,,,,,,186791
CAQUETA,2018,,,,,1327,4915,,,,,,,
CARTAGENA,2018,,,,479,490,58462,6,,,,,,15
CASANARE,2018,,,,,1,9531,,,,,,,
CAUCA,2018,,,,,,42812,7099,,1,,,,
CESAR,2018,,,,1,,,30675,,,,,,
CHOCO,2018,,,,,,,7413,,,,,,
CORDOBA,2018,,,,,,,46187,,,,,,
CUNDINAMARCA,2018,,,1,6,,,32695,135577,,,,,4
FLORENCIA,2018,,,,,3224,14241,,,,,,,
GUAINIA,2018,,,,,,,,344,,,,,
GUAVIARE,2018,,,,,,,,,1215,,,,
HUILA,2018,,,,,,,,,34294,,,,
IBAGUE,2018,,,,,,,,,,,,56490,2854
PUERTO INIRIDA,2018,,,,,,,,1891,,,,,
LA GUAJIRA,2018,,,,,,,,25298,16208,,,,
LETICIA,2018,3778,,,,,,,,,,,,
MAGDALENA,2018,3,,,,,,,,50389,,,,5
MANIZALES,2018,,,,,31483,,,,,,,,
MEDELLIN,2018,158548,125585,,,1,,,,,,,,
META,2018,7,,,,,,,,5090,15076,,,
MITU,2018,,,,,,,,,,,,,757
MOCOA,2018,,,,,,,,,,,3865,,
MONTERIA,2018,,,,,,,19354,,,,,,
NARIÑO,2018,3,,,,,,,,,47699,,,13
NEIVA,2018,,,,,,1,,,30639,,,,
NORTE DE SANTANDER,2018,,,,1,,,,,,20731,8952,,
PASTO,2018,,,,,,,,,,58851,,,
PEREIRA,2018,,,,,,,,,,,42181,,
POPAYAN,2018,,,,,,14390,2094,,,,,,
PUERTO CARREÑO,2018,,,,,,,,,,,,,963
PUTUMAYO,2018,,,,,,,,,,,14301,,
QUIBDO,2018,,,,,,,6251,,,,,,
QUINDIO,2018,,,,,,,,,,,12264,,
RIOHACHA,2018,,,,,,,,15433,9557,,,,
RISARALDA,2018,,,,,,,,,,,21809,,
SAN ANDRES,2018,,,,,,,,,,,114,,
SAN ANDRES CAP,2018,,,,,,,,,,,4539,,
CUCUTA,2018,,,,,,,,,,42542,16752,,
SAN JOSE DEL GUAVIARE,2018,,,,,,,,,3163,,,,
SANTA MARTA,2018,,,,,,,,,135,,,23944,
SANTANDER,2018,13,1,4,10,4,,2,2,,12,28498,21088,3
SINCELEJO,2018,,,,,,,,,,,,12393,
SUCRE,2018,,,,,,,,,,,,26964,
TOLIMA,2018,,,,,,,,,,,3,32288,1597
TUNJA,2018,,,,,14153,,,,,,,,
VALLE DEL CAUCA,2018,,,,,7060,2,3,,,,,,90596
VALLEDUPAR,2018,,,,,,,27413,,,,,,
VAUPES,2018,,,,,,,,,,,,,303
VICHADA,2018,,,,,,,,,,,,,1222
VILLAVICENCIO,2018,,,,,,,,,10666,26748,,,
YOPAL,2018,,,,,,5266,,,,,,,
AMAZONAS,2019,168,260,222,197,125,96,149,147,216,196,140,149,74
ANTIOQUIA,2019,17540,20046,19544,18102,16520,15412,15954,18820,16587,17722,15907,16370,14344
ARAUCA,2019,567,659,648,613,742,839,744,689,636,527,513,566,514
ARAUCA CAP,2019,320,387,310,335,390,490,427,421,352,224,206,248,238
ARMENIA,2019,2331,3381,3342,2110,1614,1464,1309,1672,1841,1630,1315,1204,1156
ATLANTICO,2019,4294,4945,4761,4579,5260,6384,5570,3676,3350,4443,3829,5286,3256
BARRANQUILLA,2019,7494,9077,9144,9559,9498,9065,8027,6542,5471,5486,6037,8317,6150
BOGOTA DC,2019,83133,108971,99733,83982,65627,58997,52704,62938,67748,78329,58660,49917,61073
BOLIVAR,2019,2948,3155,3287,3331,3994,4219,3689,2813,2596,2316,2612,2701,2393
BOYACA,2019,3983,4494,5665,4102,4496,3661,3474,3575,3148,3466,3319,3136,3255
BUCARAMANGA,2019,6340,6285,6742,5890,5741,4754,5045,4755,4244,3796,3988,4299,4248
CALDAS,2019,1305,1551,1642,1308,1154,1041,1251,1219,1144,1242,1080,923,905
CALI,2019,17626,17516,15109,15462,13848,13131,11915,11190,14359,14113,12009,12162,49971
CAQUETA,2019,777,711,651,493,419,459,371,404,457,546,449,466,419
CARTAGENA,2019,4454,4664,4679,4616,4665,5746,5474,4717,4286,4699,4028,4229,4550
CASANARE,2019,830,847,881,800,1017,1079,873,852,712,800,797,786,587
CAUCA,2019,3461,3714,4095,3457,3625,3951,3316,3488,3825,3701,3658,3667,3153
CESAR,2019,2922,2714,2310,2317,2991,3078,2909,1787,1737,1781,1744,1815,1841
CHOCO,2019,493,661,779,632,608,554,514,506,475,434,381,392,632
CORDOBA,2019,3311,3747,4106,4393,4493,4852,4228,3984,3033,2834,2754,2917,2440
CUNDINAMARCA,2019,16399,20250,19395,16890,13706,12131,11123,12746,13387,14551,13445,12290,11040
FLORENCIA,2019,1591,2340,1845,1014,1431,1021,1016,1606,1139,1625,1126,1121,999
GUAINIA,2019,17,13,57,64,60,50,11,59,24,43,25,16,28
GUAVIARE,2019,91,84,120,89,63,82,70,71,68,79,72,62,44
HUILA,2019,4034,3329,2854,2467,2275,2417,2230,2276,2033,2138,2704,2846,2639
IBAGUE,2019,4758,5673,4655,3768,3100,2979,2771,2469,2810,2978,2747,2779,2789
PUERTO INIRIDA,2019,116,133,165,160,210,190,124,91,51,102,116,77,70
LA GUAJIRA,2019,2684,2640,2841,2907,2559,3010,3319,2779,2583,2952,3425,3616,2614
LETICIA,2019,217,244,318,224,220,263,264,183,178,264,196,175,165
MAGDALENA,2019,3618,4156,3749,3441,3997,4883,4434,3808,3412,2983,2894,3084,2931
MANIZALES,2019,2412,2996,4491,2789,2409,1551,1568,1723,2031,2164,1748,1504,1239
MEDELLIN,2019,21285,22752,27397,22534,21752,20602,22569,23180,24292,24783,19977,22955,20102
META,2019,2494,2214,1923,2028,1975,1970,1610,1486,1607,1615,1481,1425,1402
MITU,2019,51,51,60,68,50,59,23,58,46,73,72,26,20
MOCOA,2019,293,236,199,220,197,200,272,261,501,271,250,205,159
MONTERIA,2019,1011,1272,1471,1457,1472,1608,1921,1423,1080,1088,759,1121,1006
NARIÑO,2019,3577,3590,3786,3600,3779,3876,3820,3928,4617,4231,3695,3257,3268
NEIVA,2019,3302,2950,2607,2290,2428,2745,2502,2740,2676,2557,1892,1962,2041
NORTE DE SANTANDER,2019,3060,3008,2986,2720,3165,2920,2272,2454,2292,2070,2137,2372,2066
PASTO,2019,3694,5569,5260,4562,4802,4497,3864,4147,4467,4521,4469,4083,3260
PEREIRA,2019,3746,4356,4998,3921,3360,2576,2306,3013,2759,2830,2202,2261,2279
POPAYAN,2019,1265,1430,1150,1039,774,895,768,934,1061,1277,1486,1223,1217
PUERTO CARREÑO,2019,7,12,32,41,23,68,126,52,72,75,55,43,76
PUTUMAYO,2019,1183,1255,1128,917,863,906,834,1035,1220,1228,941,778,687
QUIBDO,2019,415,480,414,367,903,577,438,293,366,395,365,356,307
QUINDIO,2019,1205,1340,1530,990,916,722,867,989,1110,1196,903,836,724
RIOHACHA,2019,1715,1641,1675,1533,1641,1984,2159,1595,1709,1837,1800,1819,1539
RISARALDA,2019,2056,2154,2361,2040,1735,1496,1326,1566,1631,1969,1497,1507,1510
SAN ANDRES,2019,7,10,8,10,15,22,18,15,31,15,28,27,14
SAN ANDRES CAP,2019,316,445,418,232,267,314,321,272,216,254,290,271,268
CUCUTA,2019,7121,5556,5220,4491,4870,4852,4604,4619,4497,4721,4237,4339,3913
SAN JOSE DEL GUAVIARE,2019,476,521,558,309,289,323,218,322,273,276,281,206,177
SANTA MARTA,2019,1435,1376,1143,1324,1283,1569,1814,1480,1216,1389,1532,1224,1311
SANTANDER,2019,5952,6368,6700,5532,5292,4588,4415,4252,3856,4345,4386,4708,3592
SINCELEJO,2019,670,686,904,993,1160,1760,1661,989,838,799,999,1070,790
SUCRE,2019,2198,2018,2472,2573,2386,3951,3457,2782,2566,2233,2094,2346,2065
TOLIMA,2019,3481,3879,3123,2831,2271,2203,2081,2171,2242,2633,2214,2379,1971
TUNJA,2019,981,1558,1429,1157,925,855,769,738,885,909,797,905,749
VALLE DEL CAUCA,2019,8640,9496,8436,8192,7780,7329,7874,7077,7330,7437,6788,6350,6188
VALLEDUPAR,2019,3058,2802,2907,2168,3213,2092,2282,1129,638,800,823,745,648
VAUPES,2019,4,13,22,84,33,65,55,85,53,38,44,67,18
VICHADA,2019,48,77,92,51,88,78,80,59,91,75,52,53,24
VILLAVICENCIO,2019,4139,4988,4496,7462,5207,4935,2827,3094,3191,3283,2713,2571,2601
YOPAL,2019,437,579,463,537,598,661,581,461,464,400,432,423,307
AMAZONAS,2020,114,115,122,74,,,,,,,,,
ANTIOQUIA,2020,16788,18362,14871,3710,,,,,,,,,
ARAUCA,2020,458,452,472,153,,,,,,,,,
ARAUCA CAP,2020,344,268,217,108,,,,,,,,,
ARMENIA,2020,1631,1925,1866,789,,,,,,,,,
ATLANTICO,2020,3958,2996,3034,2311,,,,,,,,,
BARRANQUILLA,2020,6524,6007,8436,3045,,,,,,,,,
BOGOTA DC,2020,59866,87433,101326,16640,,,,,,,,,
BOLIVAR,2020,2445,2484,2120,1214,,,,,,,,,
BOYACA,2020,3630,4438,4593,1290,,,,,,,,,
BUCARAMANGA,2020,5250,6155,5456,1412,,,,,,,,,
CALDAS,2020,967,1670,1198,385,,,,,,,,,
CALI,2020,19162,23610,16992,7281,,,,,,,,,
CAQUETA,2020,525,612,507,199,,,,,,,,,
CARTAGENA,2020,4647,5268,4170,1895,,,,,,,,,
CASANARE,2020,697,875,837,269,,,,,,,,,
CAUCA,2020,3613,4745,4554,1551,,,,,,,,,
CESAR,2020,2418,2632,1986,533,,,,,,,,,
CHOCO,2020,460,396,477,254,,,,,,,,,
CORDOBA,2020,3050,2923,3778,2266,,,,,,,,,
CUNDINAMARCA,2020,12593,15445,18217,4417,,,,,,,,,
FLORENCIA,2020,874,1169,893,326,,,,,,,,,
GUAINIA,2020,29,20,65,105,,,,,,,,,
GUAVIARE,2020,65,106,106,66,,,,,,,,,
HUILA,2020,3244,3342,2560,907,,,,,,,,,
IBAGUE,2020,2623,3221,3253,852,,,,,,,,,
PUERTO INIRIDA,2020,86,67,201,102,,,,,,,,,
LA GUAJIRA,2020,2167,2622,2248,954,,,,,,,,,
LETICIA,2020,153,279,262,68,,,,,,,,,
MAGDALENA,2020,2947,3324,2996,1460,,,,,,,,,
MANIZALES,2020,1914,1856,2261,741,,,,,,,,,
MEDELLIN,2020,20943,25779,21564,4150,,,,,,,,,
META,2020,1575,1787,1504,704,,,,,,,,,
MITU,2020,20,26,28,22,,,,,,,,,
MOCOA,2020,214,203,219,43,,,,,,,,,
MONTERIA,2020,1046,986,1761,476,,,,,,,,,
NARIÑO,2020,3486,3307,3253,1230,,,,,,,,,
NEIVA,2020,2361,2887,2801,641,,,,,,,,,
NORTE DE SANTANDER,2020,2710,2422,2069,705,,,,,,,,,
PASTO,2020,2865,4206,4137,766,,,,,,,,,
PEREIRA,2020,2840,3292,2631,525,,,,,,,,,
POPAYAN,2020,698,816,972,414,,,,,,,,,
PUERTO CARREÑO,2020,54,46,93,46,,,,,,,,,
PUTUMAYO,2020,785,857,748,286,,,,,,,,,
QUIBDO,2020,301,389,371,328,,,,,,,,,
QUINDIO,2020,1170,1417,1256,410,,,,,,,,,
RIOHACHA,2020,1371,1449,1460,491,,,,,,,,,
RISARALDA,2020,1435,1700,1472,618,,,,,,,,,
SAN ANDRES,2020,14,19,12,7,,,,,,,,,
SAN ANDRES CAP,2020,220,338,268,34,,,,,,,,,
CUCUTA,2020,4513,4717,3521,1116,,,,,,,,,
SAN JOSE DEL GUAVIARE,2020,150,264,248,162,,,,,,,,,
SANTA MARTA,2020,1952,1478,1015,522,,,,,,,,,
SANTANDER,2020,4755,5826,5236,1711,,,,,,,,,
SINCELEJO,2020,813,697,538,186,,,,,,,,,
SUCRE,2020,2326,2206,1983,904,,,,,,,,,
TOLIMA,2020,2384,2636,3120,1045,,,,,,,,,
TUNJA,2020,1009,1047,1221,252,,,,,,,,,
VALLE DEL CAUCA,2020,7211,7508,6662,2720,,,,,,,,,
VALLEDUPAR,2020,657,969,926,250,,,,,,,,,
VAUPES,2020,7,8,17,14,,,,,,,,,
VICHADA,2020,40,32,71,20,,,,,,,,,
VILLAVICENCIO,2020,2219,2947,2419,634,,,,,,,,,
YOPAL,2020,453,482,515,152,,,,,,,,,
