﻿event,sub_event,entity,department,year,week,value
EM,EXCESS MORTALITY,COLOMBIA,COLOMBIA,2015,1,3973
EM,EXCESS MORTALITY,COLOMBIA,COLOMBIA,2015,2,4052
EM,EXCESS MORTALITY,COLOMBIA,COLOMBIA,2015,3,3930
EM,EXCESS MORTALITY,COLOMBIA,COLOMBIA,2015,4,3727
EM,EXCESS MORTALITY,COLOMBIA,COLOMBIA,2015,5,3637
EM,EXCESS MORTALITY,COLOMBIA,COLOMBIA,2015,6,3559
EM,EXCESS MORTALITY,COLOMBIA,COLOMBIA,2015,7,3555
EM,EXCESS MORTALITY,COLOMBIA,COLOMBIA,2015,8,3552
EM,EXCESS MORTALITY,COLOMBIA,COLOMBIA,2015,9,3573
EM,EXCESS MORTALITY,COLOMBIA,COLOMBIA,2015,10,3505
EM,EXCESS MORTALITY,COLOMBIA,COLOMBIA,2015,11,3700
EM,EXCESS MORTALITY,COLOMBIA,COLOMBIA,2015,12,3508
EM,EXCESS MORTALITY,COLOMBIA,COLOMBIA,2015,13,3611
EM,EXCESS MORTALITY,COLOMBIA,COLOMBIA,2015,14,3508
EM,EXCESS MORTALITY,COLOMBIA,COLOMBIA,2015,15,3511
EM,EXCESS MORTALITY,COLOMBIA,COLOMBIA,2015,16,3525
EM,EXCESS MORTALITY,COLOMBIA,COLOMBIA,2015,17,3485
EM,EXCESS MORTALITY,COLOMBIA,COLOMBIA,2015,18,3604
EM,EXCESS MORTALITY,COLOMBIA,COLOMBIA,2015,19,3685
EM,EXCESS MORTALITY,COLOMBIA,COLOMBIA,2015,20,3701
EM,EXCESS MORTALITY,COLOMBIA,COLOMBIA,2015,21,3499
EM,EXCESS MORTALITY,COLOMBIA,COLOMBIA,2015,22,3423
EM,EXCESS MORTALITY,COLOMBIA,COLOMBIA,2015,23,3551
EM,EXCESS MORTALITY,COLOMBIA,COLOMBIA,2015,24,3566
EM,EXCESS MORTALITY,COLOMBIA,COLOMBIA,2015,25,3679
EM,EXCESS MORTALITY,COLOMBIA,COLOMBIA,2015,26,3761
EM,EXCESS MORTALITY,COLOMBIA,COLOMBIA,2015,27,3767
EM,EXCESS MORTALITY,COLOMBIA,COLOMBIA,2015,28,3780
EM,EXCESS MORTALITY,COLOMBIA,COLOMBIA,2015,29,3605
EM,EXCESS MORTALITY,COLOMBIA,COLOMBIA,2015,30,3429
EM,EXCESS MORTALITY,COLOMBIA,COLOMBIA,2015,31,3516
EM,EXCESS MORTALITY,COLOMBIA,COLOMBIA,2015,32,3695
EM,EXCESS MORTALITY,COLOMBIA,COLOMBIA,2015,33,3596
EM,EXCESS MORTALITY,COLOMBIA,COLOMBIA,2015,34,3504
EM,EXCESS MORTALITY,COLOMBIA,COLOMBIA,2015,35,3523
EM,EXCESS MORTALITY,COLOMBIA,COLOMBIA,2015,36,3695
EM,EXCESS MORTALITY,COLOMBIA,COLOMBIA,2015,37,3613
EM,EXCESS MORTALITY,COLOMBIA,COLOMBIA,2015,38,3617
EM,EXCESS MORTALITY,COLOMBIA,COLOMBIA,2015,39,3684
EM,EXCESS MORTALITY,COLOMBIA,COLOMBIA,2015,40,3717
EM,EXCESS MORTALITY,COLOMBIA,COLOMBIA,2015,41,3601
EM,EXCESS MORTALITY,COLOMBIA,COLOMBIA,2015,42,3511
EM,EXCESS MORTALITY,COLOMBIA,COLOMBIA,2015,43,3533
EM,EXCESS MORTALITY,COLOMBIA,COLOMBIA,2015,44,3666
EM,EXCESS MORTALITY,COLOMBIA,COLOMBIA,2015,45,3597
EM,EXCESS MORTALITY,COLOMBIA,COLOMBIA,2015,46,3781
EM,EXCESS MORTALITY,COLOMBIA,COLOMBIA,2015,47,3750
EM,EXCESS MORTALITY,COLOMBIA,COLOMBIA,2015,48,3711
EM,EXCESS MORTALITY,COLOMBIA,COLOMBIA,2015,49,3757
EM,EXCESS MORTALITY,COLOMBIA,COLOMBIA,2015,50,3717
EM,EXCESS MORTALITY,COLOMBIA,COLOMBIA,2015,51,3742
EM,EXCESS MORTALITY,COLOMBIA,COLOMBIA,2015,52,3850
EM,EXCESS MORTALITY,COLOMBIA,COLOMBIA,2015,53,3919
EM,EXCESS MORTALITY,COLOMBIA,COLOMBIA,2016,1,3870
EM,EXCESS MORTALITY,COLOMBIA,COLOMBIA,2016,2,3851
EM,EXCESS MORTALITY,COLOMBIA,COLOMBIA,2016,3,3810
EM,EXCESS MORTALITY,COLOMBIA,COLOMBIA,2016,4,3673
EM,EXCESS MORTALITY,COLOMBIA,COLOMBIA,2016,5,3599
EM,EXCESS MORTALITY,COLOMBIA,COLOMBIA,2016,6,3613
EM,EXCESS MORTALITY,COLOMBIA,COLOMBIA,2016,7,3572
EM,EXCESS MORTALITY,COLOMBIA,COLOMBIA,2016,8,3517
EM,EXCESS MORTALITY,COLOMBIA,COLOMBIA,2016,9,3662
EM,EXCESS MORTALITY,COLOMBIA,COLOMBIA,2016,10,3643
EM,EXCESS MORTALITY,COLOMBIA,COLOMBIA,2016,11,3648
EM,EXCESS MORTALITY,COLOMBIA,COLOMBIA,2016,12,3721
EM,EXCESS MORTALITY,COLOMBIA,COLOMBIA,2016,13,3566
EM,EXCESS MORTALITY,COLOMBIA,COLOMBIA,2016,14,3584
EM,EXCESS MORTALITY,COLOMBIA,COLOMBIA,2016,15,3597
EM,EXCESS MORTALITY,COLOMBIA,COLOMBIA,2016,16,3675
EM,EXCESS MORTALITY,COLOMBIA,COLOMBIA,2016,17,3557
EM,EXCESS MORTALITY,COLOMBIA,COLOMBIA,2016,18,3636
EM,EXCESS MORTALITY,COLOMBIA,COLOMBIA,2016,19,3767
EM,EXCESS MORTALITY,COLOMBIA,COLOMBIA,2016,20,4043
EM,EXCESS MORTALITY,COLOMBIA,COLOMBIA,2016,21,4015
EM,EXCESS MORTALITY,COLOMBIA,COLOMBIA,2016,22,4015
EM,EXCESS MORTALITY,COLOMBIA,COLOMBIA,2016,23,3930
EM,EXCESS MORTALITY,COLOMBIA,COLOMBIA,2016,24,3961
EM,EXCESS MORTALITY,COLOMBIA,COLOMBIA,2016,25,3890
EM,EXCESS MORTALITY,COLOMBIA,COLOMBIA,2016,26,3947
EM,EXCESS MORTALITY,COLOMBIA,COLOMBIA,2016,27,3776
EM,EXCESS MORTALITY,COLOMBIA,COLOMBIA,2016,28,3785
EM,EXCESS MORTALITY,COLOMBIA,COLOMBIA,2016,29,3548
EM,EXCESS MORTALITY,COLOMBIA,COLOMBIA,2016,30,3667
EM,EXCESS MORTALITY,COLOMBIA,COLOMBIA,2016,31,3630
EM,EXCESS MORTALITY,COLOMBIA,COLOMBIA,2016,32,3701
EM,EXCESS MORTALITY,COLOMBIA,COLOMBIA,2016,33,3610
EM,EXCESS MORTALITY,COLOMBIA,COLOMBIA,2016,34,3497
EM,EXCESS MORTALITY,COLOMBIA,COLOMBIA,2016,35,3582
EM,EXCESS MORTALITY,COLOMBIA,COLOMBIA,2016,36,3558
EM,EXCESS MORTALITY,COLOMBIA,COLOMBIA,2016,37,3520
EM,EXCESS MORTALITY,COLOMBIA,COLOMBIA,2016,38,3626
EM,EXCESS MORTALITY,COLOMBIA,COLOMBIA,2016,39,3525
EM,EXCESS MORTALITY,COLOMBIA,COLOMBIA,2016,40,3546
EM,EXCESS MORTALITY,COLOMBIA,COLOMBIA,2016,41,3588
EM,EXCESS MORTALITY,COLOMBIA,COLOMBIA,2016,42,3595
EM,EXCESS MORTALITY,COLOMBIA,COLOMBIA,2016,43,3522
EM,EXCESS MORTALITY,COLOMBIA,COLOMBIA,2016,44,3492
EM,EXCESS MORTALITY,COLOMBIA,COLOMBIA,2016,45,3631
EM,EXCESS MORTALITY,COLOMBIA,COLOMBIA,2016,46,3582
EM,EXCESS MORTALITY,COLOMBIA,COLOMBIA,2016,47,3701
EM,EXCESS MORTALITY,COLOMBIA,COLOMBIA,2016,48,3664
EM,EXCESS MORTALITY,COLOMBIA,COLOMBIA,2016,49,3842
EM,EXCESS MORTALITY,COLOMBIA,COLOMBIA,2016,50,4019
EM,EXCESS MORTALITY,COLOMBIA,COLOMBIA,2016,51,3943
EM,EXCESS MORTALITY,COLOMBIA,COLOMBIA,2016,52,4109
EM,EXCESS MORTALITY,COLOMBIA,COLOMBIA,2017,1,4143
EM,EXCESS MORTALITY,COLOMBIA,COLOMBIA,2017,2,4159
EM,EXCESS MORTALITY,COLOMBIA,COLOMBIA,2017,3,4158
EM,EXCESS MORTALITY,COLOMBIA,COLOMBIA,2017,4,3987
EM,EXCESS MORTALITY,COLOMBIA,COLOMBIA,2017,5,3850
EM,EXCESS MORTALITY,COLOMBIA,COLOMBIA,2017,6,3851
EM,EXCESS MORTALITY,COLOMBIA,COLOMBIA,2017,7,3665
EM,EXCESS MORTALITY,COLOMBIA,COLOMBIA,2017,8,3650
EM,EXCESS MORTALITY,COLOMBIA,COLOMBIA,2017,9,3663
EM,EXCESS MORTALITY,COLOMBIA,COLOMBIA,2017,10,3746
EM,EXCESS MORTALITY,COLOMBIA,COLOMBIA,2017,11,3637
EM,EXCESS MORTALITY,COLOMBIA,COLOMBIA,2017,12,3619
EM,EXCESS MORTALITY,COLOMBIA,COLOMBIA,2017,13,3699
EM,EXCESS MORTALITY,COLOMBIA,COLOMBIA,2017,14,3822
EM,EXCESS MORTALITY,COLOMBIA,COLOMBIA,2017,15,3679
EM,EXCESS MORTALITY,COLOMBIA,COLOMBIA,2017,16,3715
EM,EXCESS MORTALITY,COLOMBIA,COLOMBIA,2017,17,3743
EM,EXCESS MORTALITY,COLOMBIA,COLOMBIA,2017,18,3498
EM,EXCESS MORTALITY,COLOMBIA,COLOMBIA,2017,19,3682
EM,EXCESS MORTALITY,COLOMBIA,COLOMBIA,2017,20,3934
EM,EXCESS MORTALITY,COLOMBIA,COLOMBIA,2017,21,3804
EM,EXCESS MORTALITY,COLOMBIA,COLOMBIA,2017,22,3893
EM,EXCESS MORTALITY,COLOMBIA,COLOMBIA,2017,23,3799
EM,EXCESS MORTALITY,COLOMBIA,COLOMBIA,2017,24,3829
EM,EXCESS MORTALITY,COLOMBIA,COLOMBIA,2017,25,3623
EM,EXCESS MORTALITY,COLOMBIA,COLOMBIA,2017,26,3812
EM,EXCESS MORTALITY,COLOMBIA,COLOMBIA,2017,27,3809
EM,EXCESS MORTALITY,COLOMBIA,COLOMBIA,2017,28,3826
EM,EXCESS MORTALITY,COLOMBIA,COLOMBIA,2017,29,3815
EM,EXCESS MORTALITY,COLOMBIA,COLOMBIA,2017,30,3730
EM,EXCESS MORTALITY,COLOMBIA,COLOMBIA,2017,31,3792
EM,EXCESS MORTALITY,COLOMBIA,COLOMBIA,2017,32,3755
EM,EXCESS MORTALITY,COLOMBIA,COLOMBIA,2017,33,3853
EM,EXCESS MORTALITY,COLOMBIA,COLOMBIA,2017,34,3713
EM,EXCESS MORTALITY,COLOMBIA,COLOMBIA,2017,35,3726
EM,EXCESS MORTALITY,COLOMBIA,COLOMBIA,2017,36,3737
EM,EXCESS MORTALITY,COLOMBIA,COLOMBIA,2017,37,3820
EM,EXCESS MORTALITY,COLOMBIA,COLOMBIA,2017,38,3841
EM,EXCESS MORTALITY,COLOMBIA,COLOMBIA,2017,39,3783
EM,EXCESS MORTALITY,COLOMBIA,COLOMBIA,2017,40,3775
EM,EXCESS MORTALITY,COLOMBIA,COLOMBIA,2017,41,3805
EM,EXCESS MORTALITY,COLOMBIA,COLOMBIA,2017,42,3884
EM,EXCESS MORTALITY,COLOMBIA,COLOMBIA,2017,43,3697
EM,EXCESS MORTALITY,COLOMBIA,COLOMBIA,2017,44,3713
EM,EXCESS MORTALITY,COLOMBIA,COLOMBIA,2017,45,3813
EM,EXCESS MORTALITY,COLOMBIA,COLOMBIA,2017,46,3711
EM,EXCESS MORTALITY,COLOMBIA,COLOMBIA,2017,47,3732
EM,EXCESS MORTALITY,COLOMBIA,COLOMBIA,2017,48,3817
EM,EXCESS MORTALITY,COLOMBIA,COLOMBIA,2017,49,3904
EM,EXCESS MORTALITY,COLOMBIA,COLOMBIA,2017,50,3864
EM,EXCESS MORTALITY,COLOMBIA,COLOMBIA,2017,51,3904
EM,EXCESS MORTALITY,COLOMBIA,COLOMBIA,2017,52,3937
EM,EXCESS MORTALITY,COLOMBIA,COLOMBIA,2018,1,4010
EM,EXCESS MORTALITY,COLOMBIA,COLOMBIA,2018,2,3914
EM,EXCESS MORTALITY,COLOMBIA,COLOMBIA,2018,3,4000
EM,EXCESS MORTALITY,COLOMBIA,COLOMBIA,2018,4,4056
EM,EXCESS MORTALITY,COLOMBIA,COLOMBIA,2018,5,3886
EM,EXCESS MORTALITY,COLOMBIA,COLOMBIA,2018,6,3822
EM,EXCESS MORTALITY,COLOMBIA,COLOMBIA,2018,7,3807
EM,EXCESS MORTALITY,COLOMBIA,COLOMBIA,2018,8,3710
EM,EXCESS MORTALITY,COLOMBIA,COLOMBIA,2018,9,3807
EM,EXCESS MORTALITY,COLOMBIA,COLOMBIA,2018,10,3961
EM,EXCESS MORTALITY,COLOMBIA,COLOMBIA,2018,11,3981
EM,EXCESS MORTALITY,COLOMBIA,COLOMBIA,2018,12,3803
EM,EXCESS MORTALITY,COLOMBIA,COLOMBIA,2018,13,3698
EM,EXCESS MORTALITY,COLOMBIA,COLOMBIA,2018,14,3765
EM,EXCESS MORTALITY,COLOMBIA,COLOMBIA,2018,15,3763
EM,EXCESS MORTALITY,COLOMBIA,COLOMBIA,2018,16,3767
EM,EXCESS MORTALITY,COLOMBIA,COLOMBIA,2018,17,3877
EM,EXCESS MORTALITY,COLOMBIA,COLOMBIA,2018,18,3966
EM,EXCESS MORTALITY,COLOMBIA,COLOMBIA,2018,19,3910
EM,EXCESS MORTALITY,COLOMBIA,COLOMBIA,2018,20,4112
EM,EXCESS MORTALITY,COLOMBIA,COLOMBIA,2018,21,4130
EM,EXCESS MORTALITY,COLOMBIA,COLOMBIA,2018,22,4143
EM,EXCESS MORTALITY,COLOMBIA,COLOMBIA,2018,23,4257
EM,EXCESS MORTALITY,COLOMBIA,COLOMBIA,2018,24,4235
EM,EXCESS MORTALITY,COLOMBIA,COLOMBIA,2018,25,4251
EM,EXCESS MORTALITY,COLOMBIA,COLOMBIA,2018,26,4319
EM,EXCESS MORTALITY,COLOMBIA,COLOMBIA,2018,27,4243
EM,EXCESS MORTALITY,COLOMBIA,COLOMBIA,2018,28,4182
EM,EXCESS MORTALITY,COLOMBIA,COLOMBIA,2018,29,4122
EM,EXCESS MORTALITY,COLOMBIA,COLOMBIA,2018,30,3953
EM,EXCESS MORTALITY,COLOMBIA,COLOMBIA,2018,31,3944
EM,EXCESS MORTALITY,COLOMBIA,COLOMBIA,2018,32,3984
EM,EXCESS MORTALITY,COLOMBIA,COLOMBIA,2018,33,4024
EM,EXCESS MORTALITY,COLOMBIA,COLOMBIA,2018,34,3913
EM,EXCESS MORTALITY,COLOMBIA,COLOMBIA,2018,35,3890
EM,EXCESS MORTALITY,COLOMBIA,COLOMBIA,2018,36,3852
EM,EXCESS MORTALITY,COLOMBIA,COLOMBIA,2018,37,3871
EM,EXCESS MORTALITY,COLOMBIA,COLOMBIA,2018,38,3825
EM,EXCESS MORTALITY,COLOMBIA,COLOMBIA,2018,39,3785
EM,EXCESS MORTALITY,COLOMBIA,COLOMBIA,2018,40,3745
EM,EXCESS MORTALITY,COLOMBIA,COLOMBIA,2018,41,3754
EM,EXCESS MORTALITY,COLOMBIA,COLOMBIA,2018,42,3741
EM,EXCESS MORTALITY,COLOMBIA,COLOMBIA,2018,43,3690
EM,EXCESS MORTALITY,COLOMBIA,COLOMBIA,2018,44,3816
EM,EXCESS MORTALITY,COLOMBIA,COLOMBIA,2018,45,3801
EM,EXCESS MORTALITY,COLOMBIA,COLOMBIA,2018,46,3965
EM,EXCESS MORTALITY,COLOMBIA,COLOMBIA,2018,47,3874
EM,EXCESS MORTALITY,COLOMBIA,COLOMBIA,2018,48,4041
EM,EXCESS MORTALITY,COLOMBIA,COLOMBIA,2018,49,4079
EM,EXCESS MORTALITY,COLOMBIA,COLOMBIA,2018,50,4151
EM,EXCESS MORTALITY,COLOMBIA,COLOMBIA,2018,51,4176
EM,EXCESS MORTALITY,COLOMBIA,COLOMBIA,2018,52,4271
EM,EXCESS MORTALITY,COLOMBIA,COLOMBIA,2019,1,4590
EM,EXCESS MORTALITY,COLOMBIA,COLOMBIA,2019,2,4118
EM,EXCESS MORTALITY,COLOMBIA,COLOMBIA,2019,3,4266
EM,EXCESS MORTALITY,COLOMBIA,COLOMBIA,2019,4,4069
EM,EXCESS MORTALITY,COLOMBIA,COLOMBIA,2019,5,3945
EM,EXCESS MORTALITY,COLOMBIA,COLOMBIA,2019,6,3946
EM,EXCESS MORTALITY,COLOMBIA,COLOMBIA,2019,7,3906
EM,EXCESS MORTALITY,COLOMBIA,COLOMBIA,2019,8,3921
EM,EXCESS MORTALITY,COLOMBIA,COLOMBIA,2019,9,3843
EM,EXCESS MORTALITY,COLOMBIA,COLOMBIA,2019,10,3798
EM,EXCESS MORTALITY,COLOMBIA,COLOMBIA,2019,11,3878
EM,EXCESS MORTALITY,COLOMBIA,COLOMBIA,2019,12,3929
EM,EXCESS MORTALITY,COLOMBIA,COLOMBIA,2019,13,3911
EM,EXCESS MORTALITY,COLOMBIA,COLOMBIA,2019,14,3878
EM,EXCESS MORTALITY,COLOMBIA,COLOMBIA,2019,15,3937
EM,EXCESS MORTALITY,COLOMBIA,COLOMBIA,2019,16,3852
EM,EXCESS MORTALITY,COLOMBIA,COLOMBIA,2019,17,3873
EM,EXCESS MORTALITY,COLOMBIA,COLOMBIA,2019,18,3995
EM,EXCESS MORTALITY,COLOMBIA,COLOMBIA,2019,19,4035
EM,EXCESS MORTALITY,COLOMBIA,COLOMBIA,2019,20,3843
EM,EXCESS MORTALITY,COLOMBIA,COLOMBIA,2019,21,4074
EM,EXCESS MORTALITY,COLOMBIA,COLOMBIA,2019,22,3980
EM,EXCESS MORTALITY,COLOMBIA,COLOMBIA,2019,23,4220
EM,EXCESS MORTALITY,COLOMBIA,COLOMBIA,2019,24,4139
EM,EXCESS MORTALITY,COLOMBIA,COLOMBIA,2019,25,4339
EM,EXCESS MORTALITY,COLOMBIA,COLOMBIA,2019,26,4152
EM,EXCESS MORTALITY,COLOMBIA,COLOMBIA,2019,27,4230
EM,EXCESS MORTALITY,COLOMBIA,COLOMBIA,2019,28,4260
EM,EXCESS MORTALITY,COLOMBIA,COLOMBIA,2019,29,4338
EM,EXCESS MORTALITY,COLOMBIA,COLOMBIA,2019,30,4047
EM,EXCESS MORTALITY,COLOMBIA,COLOMBIA,2019,31,4122
EM,EXCESS MORTALITY,COLOMBIA,COLOMBIA,2019,32,4084
EM,EXCESS MORTALITY,COLOMBIA,COLOMBIA,2019,33,4066
EM,EXCESS MORTALITY,COLOMBIA,COLOMBIA,2019,34,4263
EM,EXCESS MORTALITY,COLOMBIA,COLOMBIA,2019,35,4188
EM,EXCESS MORTALITY,COLOMBIA,COLOMBIA,2019,36,4083
EM,EXCESS MORTALITY,COLOMBIA,COLOMBIA,2019,37,3964
EM,EXCESS MORTALITY,COLOMBIA,COLOMBIA,2019,38,4054
EM,EXCESS MORTALITY,COLOMBIA,COLOMBIA,2019,39,3879
EM,EXCESS MORTALITY,COLOMBIA,COLOMBIA,2019,40,3982
EM,EXCESS MORTALITY,COLOMBIA,COLOMBIA,2019,41,3944
EM,EXCESS MORTALITY,COLOMBIA,COLOMBIA,2019,42,3980
EM,EXCESS MORTALITY,COLOMBIA,COLOMBIA,2019,43,4080
EM,EXCESS MORTALITY,COLOMBIA,COLOMBIA,2019,44,4099
EM,EXCESS MORTALITY,COLOMBIA,COLOMBIA,2019,45,4078
EM,EXCESS MORTALITY,COLOMBIA,COLOMBIA,2019,46,4079
EM,EXCESS MORTALITY,COLOMBIA,COLOMBIA,2019,47,4142
EM,EXCESS MORTALITY,COLOMBIA,COLOMBIA,2019,48,4122
EM,EXCESS MORTALITY,COLOMBIA,COLOMBIA,2019,49,4137
EM,EXCESS MORTALITY,COLOMBIA,COLOMBIA,2019,50,4090
EM,EXCESS MORTALITY,COLOMBIA,COLOMBIA,2019,51,4107
EM,EXCESS MORTALITY,COLOMBIA,COLOMBIA,2019,52,4238
EM,EXCESS MORTALITY,COLOMBIA,COLOMBIA,2020,1,4315
EM,EXCESS MORTALITY,COLOMBIA,COLOMBIA,2020,2,4415
EM,EXCESS MORTALITY,COLOMBIA,COLOMBIA,2020,3,4290
EM,EXCESS MORTALITY,COLOMBIA,COLOMBIA,2020,4,4165
EM,EXCESS MORTALITY,COLOMBIA,COLOMBIA,2020,5,4061
EM,EXCESS MORTALITY,COLOMBIA,COLOMBIA,2020,6,4116
EM,EXCESS MORTALITY,COLOMBIA,COLOMBIA,2020,7,4157
EM,EXCESS MORTALITY,COLOMBIA,COLOMBIA,2020,8,4070
EM,EXCESS MORTALITY,COLOMBIA,COLOMBIA,2020,9,3962
EM,EXCESS MORTALITY,COLOMBIA,COLOMBIA,2020,10,3919
EM,EXCESS MORTALITY,COLOMBIA,COLOMBIA,2020,11,3863
EM,EXCESS MORTALITY,COLOMBIA,COLOMBIA,2020,12,4016
EM,EXCESS MORTALITY,COLOMBIA,COLOMBIA,2020,13,4033
EM,EXCESS MORTALITY,COLOMBIA,COLOMBIA,2020,14,3825
EM,EXCESS MORTALITY,COLOMBIA,COLOMBIA,2020,15,3902
EM,EXCESS MORTALITY,COLOMBIA,COLOMBIA,2020,16,3977
EM,EXCESS MORTALITY,COLOMBIA,COLOMBIA,2020,17,3924
EM,EXCESS MORTALITY,COLOMBIA,COLOMBIA,2020,18,3822
EM,EXCESS MORTALITY,COLOMBIA,COLOMBIA,2020,19,4007
EM,EXCESS MORTALITY,COLOMBIA,COLOMBIA,2020,20,4117
EM,EXCESS MORTALITY,COLOMBIA,COLOMBIA,2020,21,4203
EM,EXCESS MORTALITY,COLOMBIA,COLOMBIA,2020,22,4264
EM,EXCESS MORTALITY,COLOMBIA,COLOMBIA,2020,23,4646
EM,EXCESS MORTALITY,COLOMBIA,COLOMBIA,2020,24,4773
EM,EXCESS MORTALITY,COLOMBIA,COLOMBIA,2020,25,5232
EM,EXCESS MORTALITY,COLOMBIA,COLOMBIA,2020,26,5568
EM,EXCESS MORTALITY,COLOMBIA,COLOMBIA,2020,27,5654
EM,EXCESS MORTALITY,COLOMBIA,COLOMBIA,2020,28,6120
EM,EXCESS MORTALITY,COLOMBIA,COLOMBIA,2020,29,6665
EM,EXCESS MORTALITY,COLOMBIA,COLOMBIA,2020,30,7088
EM,EXCESS MORTALITY,COLOMBIA,COLOMBIA,2020,31,7365
EM,EXCESS MORTALITY,COLOMBIA,COLOMBIA,2020,32,7229
EM,EXCESS MORTALITY,COLOMBIA,COLOMBIA,2020,33,6994
EM,EXCESS MORTALITY,COLOMBIA,COLOMBIA,2020,34,6506
EM,EXCESS MORTALITY,COLOMBIA,COLOMBIA,2020,35,6148
EM,EXCESS MORTALITY,COLOMBIA,COLOMBIA,2020,36,5938
EM,EXCESS MORTALITY,COLOMBIA,COLOMBIA,2020,37,5670
EM,EXCESS MORTALITY,COLOMBIA,COLOMBIA,2020,38,5565
EM,EXCESS MORTALITY,COLOMBIA,COLOMBIA,2020,39,5529
EM,EXCESS MORTALITY,COLOMBIA,COLOMBIA,2020,40,5345
EM,EXCESS MORTALITY,COLOMBIA,COLOMBIA,2020,41,5454
EM,EXCESS MORTALITY,COLOMBIA,COLOMBIA,2020,42,5478
EM,EXCESS MORTALITY,COLOMBIA,COLOMBIA,2020,43,5570
EM,EXCESS MORTALITY,COLOMBIA,COLOMBIA,2020,44,5403
