exec_date,index,entity,period,total,mean,stdev,min,p25,p50,p75,max,no_data,pv_period,pv_value,pv_min_lim,pv_max_lim,var_coef
2020-12-16 08:37:32.041980,0,00000,1,68490.0,13698.0,1562.668,11924.0,12460.0,12974.0,15450.0,15682,0,2020-2019,0.0035,-0.1935,0.0881,9.9604
2020-12-16 08:37:32.041980,1,00000,2,75550.0,15110.0,619.8006,14303.0,14457.0,15353.0,15571.0,15866,0,2020-2019,0.0399,0.0108,0.062,9.9604
2020-12-16 08:37:32.041980,2,00000,3,74351.0,14870.2,490.5411,14286.0,14470.0,14696.0,15440.0,15459,0,2020-2019,0.0242,-0.0012,0.0519,9.9604
2020-12-16 08:37:32.041980,3,00000,4,74126.0,14825.2,511.2535,14155.0,14468.0,14819.0,15029.0,15655,0,2020-2019,0.0077,0.0142,0.0417,9.9604
2020-12-16 08:37:32.041980,4,00000,5,75023.0,15004.6,525.3976,14475.0,14635.0,14638.0,15520.0,15755,0,2020-2019,-0.0016,0.0002,0.0603,9.9604
2020-12-16 08:37:32.041980,5,00000,6,78231.0,15646.2,891.1129,14039.0,15430.0,16003.0,16117.0,16642,0,2020-2019,0.0691,-0.0358,0.1399,9.9604
2020-12-16 08:37:32.041980,6,00000,7,79542.0,15908.4,878.9682,14987.0,15073.0,15574.0,16860.0,17048,0,2020-2019,0.259,-0.0322,0.131,9.9604
2020-12-16 08:37:32.041980,7,00000,8,77006.0,15401.2,947.9849,14245.0,14630.0,15163.0,16201.0,16767,0,2020-2019,0.6245,0.027,0.0685,9.9604
2020-12-16 08:37:32.041980,8,00000,9,76167.0,15233.4,870.3996,14318.0,14390.0,15047.0,15811.0,16601,0,2020-2019,0.619,0.005,0.0508,9.9604
2020-12-16 08:37:32.041980,9,00000,10,75354.0,15070.8,601.596,14229.0,14631.0,15181.0,15333.0,15980,0,2020-2019,0.4207,-0.0275,0.0669,9.9604
2020-12-16 08:37:32.041980,10,00000,11,74639.0,14927.8,634.4564,14251.0,14311.0,14930.0,15161.0,15986,0,2020-2019,0.3666,-0.0152,0.0707,9.9604
2020-12-16 08:37:32.041980,11,00000,12,76068.0,15213.6,680.2842,14406.0,14839.0,14969.0,15456.0,16398.0,0,2020-2019,-0.6705,-0.0292,0.0609,9.9604
2020-12-16 08:37:32.041980,12,00000,13,95481.0,19096.2,2086.4155,15066.0,19426.0,19577.0,20694.0,20718.0,0,2020-2019,0.0,-0.0077,0.2994,9.9604
2020-12-16 08:37:32.041980,13,91000,1,52.0,10.4,2.245,8.0,9.0,9.0,12.0,14,0,2020-2019,0.8889,-0.3333,0.125,30.8499
2020-12-16 08:37:32.041980,14,91000,2,71.0,14.2,4.49,8.0,10.0,16.0,17.0,20,0,2020-2019,1.5,-0.5,1.0,30.8499
2020-12-16 08:37:32.041980,15,91000,3,59.0,11.8,4.9558,7.0,8.0,11.0,12.0,21,0,2020-2019,0.25,-0.6667,0.375,30.8499
2020-12-16 08:37:32.041980,16,91000,4,63.0,12.6,4.2237,7.0,10.0,11.0,17.0,18,0,2020-2019,-0.0556,-0.3529,1.4286,30.8499
2020-12-16 08:37:32.041980,17,91000,5,79.0,15.8,1.1662,15.0,15.0,15.0,16.0,18,0,2020-2019,2.5,-0.1111,0.2,30.8499
2020-12-16 08:37:32.041980,18,91000,6,61.0,12.2,1.1662,11.0,11.0,12.0,13.0,14,0,2020-2019,4.5833,-0.1429,0.1818,30.8499
2020-12-16 08:37:32.041980,19,91000,7,41.0,8.2,2.3152,5.0,7.0,8.0,9.0,12,0,2020-2019,3.5714,-0.5833,0.6,30.8499
2020-12-16 08:37:32.041980,20,91000,8,68.0,13.6,4.0299,9.0,10.0,13.0,16.0,20,0,2020-2019,2.3077,-0.375,0.4444,30.8499
2020-12-16 08:37:32.041980,21,91000,9,61.0,12.2,2.5612,10.0,10.0,12.0,12.0,17,0,2020-2019,0.2941,-0.1667,0.4167,30.8499
2020-12-16 08:37:32.041980,22,91000,10,77.0,15.4,4.2708,11.0,13.0,13.0,17.0,23,0,2020-2019,-0.0435,-0.3529,0.7692,30.8499
2020-12-16 08:37:32.041980,23,91000,11,57.0,11.4,1.8547,8.0,11.0,12.0,13.0,13,0,2020-2019,0.2308,-0.3333,0.625,30.8499
2020-12-16 08:37:32.041980,24,91000,12,79.0,15.8,3.4871,12.0,13.0,14.0,20.0,20.0,0,2020-2019,-0.7,-0.35,0.6667,30.8499
2020-12-16 08:37:32.041980,25,91000,13,76.0,15.2,3.6,11.0,12.0,15.0,17.0,21.0,0,2020-2019,0.0,-0.3529,0.9091,30.8499
2020-12-16 08:37:32.041980,26,05000,1,9673.0,1934.6,224.9307,1676.0,1793.0,1820.0,2091.0,2293,0,2020-2019,0.0,-0.1296,0.0698,11.4831
2020-12-16 08:37:32.041980,27,05000,2,10406.0,2081.2,101.7436,1963.0,1968.0,2093.0,2172.0,2210,0,2020-2019,0.0285,-0.0364,0.1065,11.4831
2020-12-16 08:37:32.041980,28,05000,3,10180.0,2036.0,75.0307,1917.0,2017.0,2032.0,2065.0,2149,0,2020-2019,0.0544,-0.0232,0.0654,11.4831
2020-12-16 08:37:32.041980,29,05000,4,10087.0,2017.4,119.3677,1830.0,1950.0,2048.0,2077.0,2182,0,2020-2019,-0.027,-0.014,0.0656,11.4831
2020-12-16 08:37:32.041980,30,05000,5,10531.0,2106.2,96.0008,1990.0,2008.0,2122.0,2167.0,2244,0,2020-2019,-0.0793,-0.009,0.0663,11.4831
2020-12-16 08:37:32.041980,31,05000,6,10676.0,2135.2,135.9712,1865.0,2173.0,2212.0,2213.0,2213,0,2020-2019,-0.0488,-0.0181,0.1866,11.4831
2020-12-16 08:37:32.041980,32,05000,7,10634.0,2126.8,146.7234,1869.0,2058.0,2218.0,2230.0,2259,0,2020-2019,-0.0367,-0.0721,0.1867,11.4831
2020-12-16 08:37:32.041980,33,05000,8,10511.0,2102.2,159.4909,1843.0,2014.0,2129.0,2255.0,2270,0,2020-2019,0.4559,-0.054,0.1552,11.4831
2020-12-16 08:37:32.041980,34,05000,9,10377.0,2075.4,161.6968,1809.0,2009.0,2090.0,2187.0,2282,0,2020-2019,0.5982,0.0403,0.1106,11.4831
2020-12-16 08:37:32.041980,35,05000,10,10385.0,2077.0,91.1504,1958.0,1979.0,2115.0,2154.0,2179,0,2020-2019,0.4416,-0.0181,0.1011,11.4831
2020-12-16 08:37:32.041980,36,05000,11,10617.0,2123.4,119.2218,1950.0,2039.0,2123.0,2236.0,2269,0,2020-2019,0.4046,-0.0505,0.0966,11.4831
2020-12-16 08:37:32.041980,37,05000,12,10809.0,2161.8,47.4401,2102.0,2107.0,2192.0,2194.0,2214.0,0,2020-2019,-0.6072,-0.0099,0.0413,11.4831
2020-12-16 08:37:32.041980,38,05000,13,13791.0,2758.2,330.2662,2127.0,2792.0,2885.0,2896.0,3091.0,0,2020-2019,0.0,-0.0631,0.3564,11.4831
2020-12-16 08:37:32.041980,39,81000,1,275.0,55.0,6.6933,43.0,53.0,57.0,61.0,61.0,0,2020-2019,0.0351,-0.1311,0.4186,15.9043
2020-12-16 08:37:32.041980,40,81000,2,279.0,55.8,5.671,51.0,52.0,52.0,58.0,66,0,2020-2019,0.1731,-0.2121,0.2692,15.9043
2020-12-16 08:37:32.041980,41,81000,3,315.0,63.0,7.5631,55.0,59.0,60.0,64.0,77,0,2020-2019,0.2373,-0.2857,0.2833,15.9043
2020-12-16 08:37:32.041980,42,81000,4,329.0,65.8,7.8588,55.0,60.0,68.0,68.0,78,0,2020-2019,0.0882,-0.2949,0.1333,15.9043
2020-12-16 08:37:32.041980,43,81000,5,314.0,62.8,5.9127,57.0,59.0,62.0,62.0,74,0,2020-2019,-0.2162,0.0,0.1935,15.9043
2020-12-16 08:37:32.041980,44,81000,6,322.0,64.4,7.8128,54.0,58.0,64.0,71.0,75,0,2020-2019,0.1724,-0.1831,0.3889,15.9043
2020-12-16 08:37:32.041980,45,81000,7,309.0,61.8,6.7052,52.0,60.0,62.0,62.0,73,0,2020-2019,-0.137,-0.0323,0.1923,15.9043
2020-12-16 08:37:32.041980,46,81000,8,311.0,62.2,7.1386,48.0,65.0,65.0,66.0,67,0,2020-2019,0.3077,-0.2615,0.375,15.9043
2020-12-16 08:37:32.041980,47,81000,9,351.0,70.2,4.9558,63.0,67.0,70.0,74.0,77,0,2020-2019,0.3108,-0.0597,0.2222,15.9043
2020-12-16 08:37:32.041980,48,81000,10,362.0,72.4,10.1311,60.0,62.0,73.0,82.0,85,0,2020-2019,0.5366,-0.0353,0.1774,15.9043
2020-12-16 08:37:32.041980,49,81000,11,329.0,65.8,4.9153,58.0,64.0,65.0,70.0,72,0,2020-2019,0.8571,-0.0938,0.1207,15.9043
2020-12-16 08:37:32.041980,50,81000,12,301.0,60.2,9.6416,46.0,52.0,65.0,66.0,72.0,0,2020-2019,-0.6667,-0.1154,0.413,15.9043
2020-12-16 08:37:32.041980,51,81000,13,412.0,82.4,11.2534,63.0,82.0,83.0,86.0,98.0,0,2020-2019,0.0,-0.0465,0.3175,15.9043
2020-12-16 08:37:32.041980,52,08000,1,3686.0,737.2,106.1572,606.0,648.0,711.0,854.0,867,0,2020-2019,0.0225,-0.2412,0.1733,10.8842
2020-12-16 08:37:32.041980,53,08000,2,4186.0,837.2,34.3651,794.0,799.0,849.0,869.0,875,0,2020-2019,0.0309,-0.0063,0.0693,10.8842
2020-12-16 08:37:32.041980,54,08000,3,4126.0,825.2,62.691,746.0,764.0,827.0,891.0,898,0,2020-2019,0.0189,-0.0236,0.1086,10.8842
2020-12-16 08:37:32.041980,55,08000,4,4038.0,807.6,49.2406,738.0,768.0,812.0,850.0,870,0,2020-2019,0.1012,-0.0391,0.1003,10.8842
2020-12-16 08:37:32.041980,56,08000,5,4049.0,809.8,40.5038,751.0,781.0,812.0,841.0,864,0,2020-2019,0.0093,0.0273,0.0399,10.8842
2020-12-16 08:37:32.041980,57,08000,6,4375.0,875.0,65.9606,756.0,857.0,903.0,913.0,946,0,2020-2019,0.5909,-0.0509,0.1944,10.8842
2020-12-16 08:37:32.041980,58,08000,7,4463.0,892.6,72.8412,802.0,813.0,910.0,967.0,971,0,2020-2019,2.6097,-0.1187,0.2057,10.8842
2020-12-16 08:37:32.041980,59,08000,8,4397.0,879.4,76.2853,761.0,844.0,892.0,907.0,993,0,2020-2019,1.1108,-0.0983,0.1721,10.8842
2020-12-16 08:37:32.041980,60,08000,9,4417.0,883.4,51.9446,822.0,838.0,872.0,926.0,959,0,2020-2019,0.2033,-0.039,0.1265,10.8842
2020-12-16 08:37:32.041980,61,08000,10,4299.0,859.8,59.7809,766.0,832.0,856.0,908.0,937,0,2020-2019,0.0886,-0.1051,0.0913,10.8842
2020-12-16 08:37:32.041980,62,08000,11,4403.0,880.6,59.0512,800.0,846.0,869.0,916.0,972,0,2020-2019,-0.0648,-0.0544,0.145,10.8842
2020-12-16 08:37:32.041980,63,08000,12,4320.0,864.0,37.5073,817.0,834.0,863.0,882.0,924.0,0,2020-2019,-0.7154,-0.0204,0.0563,10.8842
2020-12-16 08:37:32.041980,64,08000,13,5212.0,1042.4,95.502,869.0,1009.0,1103.0,1110.0,1121.0,0,2020-2019,0.0,-0.0999,0.29,10.8842
2020-12-16 08:37:32.041980,65,11001,1,9495.0,1899.0,207.536,1628.0,1732.0,1863.0,2122.0,2150,0,2020-2019,-0.08,-0.1838,0.1443,10.5445
2020-12-16 08:37:32.041980,66,11001,2,10397.0,2079.4,88.5971,1937.0,2020.0,2120.0,2140.0,2180,0,2020-2019,0.083,0.0094,0.0495,10.5445
2020-12-16 08:37:32.041980,67,11001,3,10693.0,2138.6,87.5822,2026.0,2054.0,2161.0,2189.0,2263,0,2020-2019,0.0278,-0.0327,0.1018,10.5445
2020-12-16 08:37:32.041980,68,11001,4,10808.0,2161.6,107.1571,2007.0,2086.0,2181.0,2216.0,2318,0,2020-2019,-0.0112,-0.0158,0.0628,10.5445
2020-12-16 08:37:32.041980,69,11001,5,10959.0,2191.8,98.0192,2045.0,2132.0,2191.0,2269.0,2322,0,2020-2019,0.0018,-0.0269,0.0891,10.5445
2020-12-16 08:37:32.041980,70,11001,6,11764.0,2352.8,182.0037,2028.0,2302.0,2407.0,2475.0,2552,0,2020-2019,-0.0332,-0.0699,0.2204,10.5445
2020-12-16 08:37:32.041980,71,11001,7,11688.0,2337.6,118.5286,2148.0,2291.0,2322.0,2454.0,2473,0,2020-2019,0.2374,0.0077,0.0666,10.5445
2020-12-16 08:37:32.041980,72,11001,8,11069.0,2213.8,101.2984,2094.0,2103.0,2223.0,2318.0,2331,0,2020-2019,1.2814,-0.0043,0.0616,10.5445
2020-12-16 08:37:32.041980,73,11001,9,10778.0,2155.6,61.0691,2071.0,2114.0,2153.0,2193.0,2247,0,2020-2019,1.1567,-0.0381,0.0629,10.5445
2020-12-16 08:37:32.041980,74,11001,10,10716.0,2143.2,74.0416,2050.0,2084.0,2151.0,2167.0,2264,0,2020-2019,0.561,-0.0163,0.0571,10.5445
2020-12-16 08:37:32.041980,75,11001,11,10586.0,2117.2,53.5776,2067.0,2070.0,2099.0,2139.0,2211,0,2020-2019,0.3957,-0.0337,0.0681,10.5445
2020-12-16 08:37:32.041980,76,11001,12,10849.0,2169.8,76.875,2048.0,2154.0,2156.0,2208.0,2283.0,0,2020-2019,-0.6776,-0.0725,0.0599,10.5445
2020-12-16 08:37:32.041980,77,11001,13,13718.0,2743.6,298.3485,2149.0,2848.0,2891.0,2907.0,2923.0,0,2020-2019,0.0,-0.0203,0.3527,10.5445
2020-12-16 08:37:32.041980,78,13000,1,2527.0,505.4,66.9704,433.0,464.0,492.0,509.0,629,0,2020-2019,-0.0569,-0.1908,0.1363,13.6148
2020-12-16 08:37:32.041980,79,13000,2,2776.0,555.2,53.8791,473.0,516.0,578.0,584.0,625,0,2020-2019,0.0363,-0.0833,0.2347,13.6148
2020-12-16 08:37:32.041980,80,13000,3,2695.0,539.0,49.2544,457.0,517.0,552.0,567.0,602,0,2020-2019,-0.0216,-0.1161,0.2079,13.6148
2020-12-16 08:37:32.041980,81,13000,4,2643.0,528.6,51.9215,458.0,498.0,516.0,564.0,607,0,2020-2019,0.089,-0.1124,0.1325,13.6148
2020-12-16 08:37:32.041980,82,13000,5,2825.0,565.0,47.879,490.0,541.0,575.0,585.0,634,0,2020-2019,0.1183,-0.0943,0.1735,13.6148
2020-12-16 08:37:32.041980,83,13000,6,2857.0,571.4,89.0788,471.0,496.0,558.0,612.0,720,0,2020-2019,0.9575,-0.15,0.2903,13.6148
2020-12-16 08:37:32.041980,84,13000,7,3058.0,611.6,47.8732,535.0,592.0,621.0,629.0,681,0,2020-2019,1.0073,-0.1494,0.1065,13.6148
2020-12-16 08:37:32.041980,85,13000,8,2899.0,579.8,69.7579,486.0,511.0,602.0,635.0,665,0,2020-2019,1.0932,-0.0489,0.2387,13.6148
2020-12-16 08:37:32.041980,86,13000,9,3033.0,606.6,55.9807,532.0,557.0,618.0,639.0,687,0,2020-2019,0.4279,-0.0329,0.1472,13.6148
2020-12-16 08:37:32.041980,87,13000,10,3087.0,617.4,28.2035,581.0,593.0,624.0,628.0,661,0,2020-2019,0.1755,-0.0202,0.0809,13.6148
2020-12-16 08:37:32.041980,88,13000,11,2965.0,593.0,40.7087,522.0,585.0,599.0,614.0,645,0,2020-2019,0.1566,-0.1077,0.1475,13.6148
2020-12-16 08:37:32.041980,89,13000,12,2955.0,591.0,41.0122,551.0,560.0,567.0,619.0,658.0,0,2020-2019,-0.7675,-0.0282,0.1234,13.6148
2020-12-16 08:37:32.041980,90,13000,13,3604.0,720.8,104.8683,522.0,721.0,754.0,785.0,822.0,0,2020-2019,0.0,-0.045,0.4444,13.6148
2020-12-16 08:37:32.041980,91,15000,1,2014.0,402.8,50.3166,339.0,366.0,386.0,456.0,467.0,0,2020-2019,-0.0933,-0.2163,0.1386,9.6657
2020-12-16 08:37:32.041980,92,15000,2,2191.0,438.2,10.6471,427.0,427.0,438.0,444.0,455,0,2020-2019,0.1104,-0.0615,0.0656,9.6657
2020-12-16 08:37:32.041980,93,15000,3,2153.0,430.6,13.8939,411.0,420.0,434.0,437.0,451,0,2020-2019,0.0167,-0.0887,0.0633,9.6657
2020-12-16 08:37:32.041980,94,15000,4,2241.0,448.2,16.253,433.0,436.0,442.0,452.0,478,0,2020-2019,0.0249,-0.0753,0.1039,9.6657
2020-12-16 08:37:32.041980,95,15000,5,2351.0,470.2,7.782,460.0,465.0,470.0,473.0,483,0,2020-2019,0.0261,-0.0476,0.0277,9.6657
2020-12-16 08:37:32.041980,96,15000,6,2395.0,479.0,42.3745,399.0,489.0,489.0,492.0,526,0,2020-2019,-0.092,-0.0646,0.3183,9.6657
2020-12-16 08:37:32.041980,97,15000,7,2329.0,465.8,32.6582,417.0,447.0,467.0,485.0,513,0,2020-2019,-0.0784,-0.1071,0.2302,9.6657
2020-12-16 08:37:32.041980,98,15000,8,2426.0,485.2,20.4685,457.0,472.0,480.0,506.0,511,0,2020-2019,-0.0528,0.0099,0.0542,9.6657
2020-12-16 08:37:32.041980,99,15000,9,2360.0,472.0,22.1359,436.0,467.0,474.0,478.0,505,0,2020-2019,0.1606,-0.0752,0.0872,9.6657
2020-12-16 08:37:32.041980,100,15000,10,2224.0,444.8,8.01,433.0,441.0,444.0,449.0,457,0,2020-2019,0.2207,-0.0525,0.037,9.6657
2020-12-16 08:37:32.041980,101,15000,11,2142.0,428.4,13.5882,404.0,427.0,431.0,435.0,445,0,2020-2019,0.5079,-0.0626,0.1015,9.6657
2020-12-16 08:37:32.041980,102,15000,12,2163.0,432.6,16.6325,407.0,420.0,438.0,448.0,450.0,0,2020-2019,-0.5799,-0.0915,0.0429,9.6657
2020-12-16 08:37:32.041980,103,15000,13,2720.0,544.0,54.4096,437.0,554.0,568.0,578.0,583.0,0,2020-2019,0.0,-0.0497,0.3341,9.6657
2020-12-16 08:37:32.041980,104,17000,1,1930.0,386.0,47.4552,329.0,358.0,367.0,411.0,465,0,2020-2019,-0.0354,-0.129,0.1155,10.527
2020-12-16 08:37:32.041980,105,17000,2,2152.0,430.4,38.6295,369.0,403.0,446.0,464.0,470,0,2020-2019,0.0314,-0.0844,0.2737,10.527
2020-12-16 08:37:32.041980,106,17000,3,2041.0,408.2,14.7973,386.0,403.0,409.0,411.0,432,0,2020-2019,-0.1134,-0.0422,0.0648,10.527
2020-12-16 08:37:32.041980,107,17000,4,1995.0,399.0,15.1261,385.0,387.0,391.0,407.0,425,0,2020-2019,-0.0468,-0.08,0.0442,10.527
2020-12-16 08:37:32.041980,108,17000,5,2022.0,404.4,15.6793,388.0,389.0,406.0,408.0,431,0,2020-2019,0.0221,-0.058,0.108,10.527
2020-12-16 08:37:32.041980,109,17000,6,2028.0,405.6,15.781,382.0,395.0,406.0,421.0,424,0,2020-2019,-0.0177,-0.0991,0.1021,10.527
2020-12-16 08:37:32.041980,110,17000,7,2086.0,417.2,22.6927,388.0,401.0,410.0,440.0,447,0,2020-2019,-0.1074,-0.022,0.0973,10.527
2020-12-16 08:37:32.041980,111,17000,8,1972.0,394.4,10.1311,375.0,395.0,398.0,400.0,404,0,2020-2019,0.0962,-0.0125,0.0613,10.527
2020-12-16 08:37:32.041980,112,17000,9,2065.0,413.0,16.7212,393.0,405.0,408.0,416.0,443,0,2020-2019,0.1038,-0.0192,0.0938,10.527
2020-12-16 08:37:32.041980,113,17000,10,2024.0,404.8,11.9733,389.0,399.0,402.0,409.0,425,0,2020-2019,0.2071,-0.0489,0.0652,10.527
2020-12-16 08:37:32.041980,114,17000,11,2035.0,407.0,5.7271,398.0,404.0,408.0,410.0,415,0,2020-2019,0.4779,-0.0169,0.0302,10.527
2020-12-16 08:37:32.041980,115,17000,12,2139.0,427.8,15.8543,410.0,416.0,427.0,430.0,456.0,0,2020-2019,-0.6535,-0.0465,0.0679,10.527
2020-12-16 08:37:32.041980,116,17000,13,2616.0,523.2,70.9772,412.0,480.0,530.0,594.0,600.0,0,2020-2019,0.0,-0.2,0.4563,10.527
2020-12-16 08:37:32.041980,117,18000,1,478.0,95.6,20.006,74.0,84.0,86.0,103.0,131.0,0,2020-2019,0.2432,-0.3588,0.2718,14.9432
2020-12-16 08:37:32.041980,118,18000,2,571.0,114.2,13.4373,91.0,113.0,114.0,121.0,132,0,2020-2019,0.0088,-0.0833,0.4505,14.9432
2020-12-16 08:37:32.041980,119,18000,3,548.0,109.6,7.8638,99.0,106.0,106.0,116.0,121,0,2020-2019,0.1038,-0.0862,0.2222,14.9432
2020-12-16 08:37:32.041980,120,18000,4,502.0,100.4,5.4259,92.0,98.0,100.0,104.0,108,0,2020-2019,0.12,-0.0577,0.1739,14.9432
2020-12-16 08:37:32.041980,121,18000,5,562.0,112.4,18.9589,90.0,92.0,119.0,121.0,140,0,2020-2019,-0.2353,-0.15,0.3444,14.9432
2020-12-16 08:37:32.041980,122,18000,6,526.0,105.2,14.4969,91.0,96.0,99.0,108.0,132,0,2020-2019,-0.0101,-0.25,0.2222,14.9432
2020-12-16 08:37:32.041980,123,18000,7,573.0,114.6,16.1815,97.0,108.0,109.0,114.0,145,0,2020-2019,0.0103,-0.331,0.2719,14.9432
2020-12-16 08:37:32.041980,124,18000,8,568.0,113.6,6.1838,105.0,109.0,113.0,120.0,121,0,2020-2019,0.619,-0.125,0.0708,14.9432
2020-12-16 08:37:32.041980,125,18000,9,522.0,104.4,13.8795,77.0,107.0,112.0,113.0,113,0,2020-2019,1.823,-0.3125,0.4675,14.9432
2020-12-16 08:37:32.041980,126,18000,10,506.0,101.2,10.3034,91.0,92.0,96.0,111.0,116,0,2020-2019,1.4505,-0.1712,0.0435,14.9432
2020-12-16 08:37:32.041980,127,18000,11,482.0,96.4,7.0597,91.0,91.0,94.0,96.0,110,0,2020-2019,0.8636,-0.0521,0.2088,14.9432
2020-12-16 08:37:32.041980,128,18000,12,474.0,94.8,8.1829,84.0,90.0,93.0,99.0,108.0,0,2020-2019,-0.5,-0.0909,0.1613,14.9432
2020-12-16 08:37:32.041980,129,18000,13,626.0,125.2,18.7659,101.0,121.0,122.0,123.0,159.0,0,2020-2019,0.0,0.0082,0.2927,14.9432
2020-12-16 08:37:32.041980,130,85000,1,360.0,72.0,8.6948,63.0,65.0,68.0,78.0,86.0,0,2020-2019,0.1324,-0.2442,0.1026,16.3529
2020-12-16 08:37:32.041980,131,85000,2,432.0,86.4,15.3571,72.0,78.0,82.0,84.0,116,0,2020-2019,-0.1552,-0.122,0.381,16.3529
2020-12-16 08:37:32.041980,132,85000,3,458.0,91.6,15.8821,67.0,86.0,92.0,97.0,116,0,2020-2019,-0.1031,-0.2586,0.7313,16.3529
2020-12-16 08:37:32.041980,133,85000,4,378.0,75.6,5.2764,66.0,74.0,78.0,80.0,80,0,2020-2019,0.25,0.0,0.1212,16.3529
2020-12-16 08:37:32.041980,134,85000,5,406.0,81.2,11.0345,62.0,79.0,81.0,91.0,93,0,2020-2019,-0.043,-0.2346,0.5,16.3529
2020-12-16 08:37:32.041980,135,85000,6,447.0,89.4,7.2277,75.0,92.0,93.0,93.0,94,0,2020-2019,-0.0532,-0.0108,0.24,16.3529
2020-12-16 08:37:32.041980,136,85000,7,426.0,85.2,9.5791,73.0,80.0,85.0,86.0,102,0,2020-2019,0.0349,-0.1569,0.275,16.3529
2020-12-16 08:37:32.041980,137,85000,8,446.0,89.2,12.9213,64.0,93.0,94.0,94.0,101,0,2020-2019,0.117,-0.0693,0.4531,16.3529
2020-12-16 08:37:32.041980,138,85000,9,421.0,84.2,14.1901,67.0,70.0,85.0,95.0,104,0,2020-2019,0.0192,-0.1053,0.3571,16.3529
2020-12-16 08:37:32.041980,139,85000,10,412.0,82.4,10.8185,68.0,74.0,83.0,88.0,99,0,2020-2019,0.3864,-0.1111,0.4559,16.3529
2020-12-16 08:37:32.041980,140,85000,11,417.0,83.4,12.7059,62.0,78.0,85.0,96.0,96,0,2020-2019,0.2188,-0.1146,0.5484,16.3529
2020-12-16 08:37:32.041980,141,85000,12,426.0,85.2,18.2472,71.0,73.0,73.0,90.0,119.0,0,2020-2019,-0.7227,-0.0274,0.3222,16.3529
2020-12-16 08:37:32.041980,142,85000,13,504.0,100.8,8.2559,90.0,92.0,104.0,108.0,110.0,0,2020-2019,0.0,-0.1154,0.1739,16.3529
2020-12-16 08:37:32.041980,143,19000,1,1623.0,324.6,41.0687,282.0,301.0,303.0,339.0,398.0,0,2020-2019,0.1241,-0.2387,0.174,11.5998
2020-12-16 08:37:32.041980,144,19000,2,1870.0,374.0,25.2349,339.0,352.0,379.0,393.0,407,0,2020-2019,-0.0123,0.0356,0.0767,11.5998
2020-12-16 08:37:32.041980,145,19000,3,1854.0,370.8,18.9884,355.0,356.0,356.0,387.0,400,0,2020-2019,0.0618,-0.11,0.0901,11.5998
2020-12-16 08:37:32.041980,146,19000,4,1908.0,381.6,33.0067,344.0,359.0,363.0,415.0,427,0,2020-2019,-0.2037,-0.0523,0.156,11.5998
2020-12-16 08:37:32.041980,147,19000,5,1828.0,365.6,13.7201,348.0,359.0,360.0,373.0,388,0,2020-2019,0.1178,-0.1031,0.0402,11.5998
2020-12-16 08:37:32.041980,148,19000,6,1922.0,384.4,36.6038,319.0,379.0,392.0,403.0,429,0,2020-2019,0.0422,-0.0606,0.2288,11.5998
2020-12-16 08:37:32.041980,149,19000,7,1890.0,378.0,25.5108,342.0,362.0,375.0,396.0,415,0,2020-2019,0.0581,-0.088,0.1464,11.5998
2020-12-16 08:37:32.041980,150,19000,8,1827.0,365.4,35.217,305.0,351.0,379.0,384.0,408,0,2020-2019,0.2819,-0.0739,0.2426,11.5998
2020-12-16 08:37:32.041980,151,19000,9,1832.0,366.4,32.5859,311.0,361.0,366.0,384.0,410,0,2020-2019,0.3659,-0.0469,0.1608,11.5998
2020-12-16 08:37:32.041980,152,19000,10,1800.0,360.0,30.3513,304.0,362.0,367.0,371.0,396,0,2020-2019,0.4672,-0.1806,0.2072,11.5998
2020-12-16 08:37:32.041980,153,19000,11,1810.0,362.0,27.9643,327.0,334.0,366.0,383.0,400,0,2020-2019,0.4125,0.0214,0.0958,11.5998
2020-12-16 08:37:32.041980,154,19000,12,1816.0,363.2,20.8461,333.0,354.0,357.0,379.0,393.0,0,2020-2019,-0.6438,-0.0084,0.0721,11.5998
2020-12-16 08:37:32.041980,155,19000,13,2264.0,452.8,66.7455,324.0,456.0,478.0,503.0,503.0,0,2020-2019,0.0,0.0,0.4074,11.5998
2020-12-16 08:37:32.041980,156,20000,1,1301.0,260.2,28.407,235.0,237.0,242.0,281.0,306,0,2020-2019,0.1957,-0.1566,0.0211,13.676
2020-12-16 08:37:32.041980,157,20000,2,1444.0,288.8,26.1717,259.0,265.0,281.0,316.0,323,0,2020-2019,0.0248,-0.0783,0.2201,13.676
2020-12-16 08:37:32.041980,158,20000,3,1401.0,280.2,35.6505,240.0,253.0,264.0,311.0,333,0,2020-2019,0.0386,-0.0909,0.3875,13.676
2020-12-16 08:37:32.041980,159,20000,4,1404.0,280.8,22.4,257.0,259.0,275.0,299.0,314,0,2020-2019,0.107,-0.0655,0.2218,13.676
2020-12-16 08:37:32.041980,160,20000,5,1375.0,275.0,20.2583,246.0,266.0,267.0,296.0,300,0,2020-2019,0.1554,-0.0752,0.2195,13.676
2020-12-16 08:37:32.041980,161,20000,6,1507.0,301.4,32.5736,265.0,265.0,308.0,320.0,349,0,2020-2019,0.1187,-0.1396,0.317,13.676
2020-12-16 08:37:32.041980,162,20000,7,1608.0,321.6,28.4507,276.0,315.0,325.0,327.0,365,0,2020-2019,-0.1233,-0.1508,0.1848,13.676
2020-12-16 08:37:32.041980,163,20000,8,1493.0,298.6,37.9136,246.0,274.0,290.0,336.0,347,0,2020-2019,0.2219,-0.1022,0.1789,13.676
2020-12-16 08:37:32.041980,164,20000,9,1359.0,271.8,25.6312,242.0,242.0,277.0,298.0,300,0,2020-2019,1.0633,0.0,0.1446,13.676
2020-12-16 08:37:32.041980,165,20000,10,1533.0,306.6,18.3478,276.0,300.0,308.0,319.0,330,0,2020-2019,1.2305,-0.0667,0.087,13.676
2020-12-16 08:37:32.041980,166,20000,11,1536.0,307.2,32.5417,274.0,282.0,287.0,341.0,352,0,2020-2019,0.6041,-0.0453,0.2482,13.676
2020-12-16 08:37:32.041980,167,20000,12,1526.0,305.2,28.5054,275.0,288.0,294.0,312.0,357.0,0,2020-2019,-0.6891,-0.0451,0.1442,13.676
2020-12-16 08:37:32.041980,168,20000,13,1865.0,373.0,44.2583,292.0,369.0,379.0,407.0,418.0,0,2020-2019,0.0,-0.0264,0.2979,13.676
2020-12-16 08:37:32.041980,169,27000,1,394.0,78.8,10.245,72.0,73.0,73.0,77.0,99,0,2020-2019,-0.1644,-0.2222,0.0139,12.9251
2020-12-16 08:37:32.041980,170,27000,2,418.0,83.6,8.4522,76.0,76.0,82.0,85.0,99,0,2020-2019,-0.0909,-0.0732,0.3026,12.9251
2020-12-16 08:37:32.041980,171,27000,3,422.0,84.4,6.6813,78.0,81.0,81.0,85.0,97,0,2020-2019,-0.1134,-0.0471,0.2436,12.9251
2020-12-16 08:37:32.041980,172,27000,4,423.0,84.6,8.9353,74.0,78.0,84.0,87.0,100,0,2020-2019,-0.069,-0.16,0.1154,12.9251
2020-12-16 08:37:32.041980,173,27000,5,427.0,85.4,6.5605,76.0,82.0,84.0,90.0,95,0,2020-2019,-0.0366,-0.2,0.0789,12.9251
2020-12-16 08:37:32.041980,174,27000,6,427.0,85.4,7.4993,75.0,79.0,88.0,89.0,96,0,2020-2019,0.3125,-0.1573,0.28,12.9251
2020-12-16 08:37:32.041980,175,27000,7,477.0,95.4,13.1848,82.0,83.0,92.0,103.0,117,0,2020-2019,1.122,-0.2906,0.2717,12.9251
2020-12-16 08:37:32.041980,176,27000,8,440.0,88.0,7.874,77.0,84.0,85.0,96.0,98,0,2020-2019,0.6771,-0.0941,0.1667,12.9251
2020-12-16 08:37:32.041980,177,27000,9,448.0,89.6,12.093,76.0,80.0,84.0,102.0,106,0,2020-2019,-0.049,-0.0377,0.2619,12.9251
2020-12-16 08:37:32.041980,178,27000,10,424.0,84.8,8.3762,72.0,78.0,89.0,91.0,94,0,2020-2019,0.1429,-0.191,0.3056,12.9251
2020-12-16 08:37:32.041980,179,27000,11,382.0,76.4,7.0029,63.0,76.0,80.0,81.0,82,0,2020-2019,0.381,-0.2317,0.0526,12.9251
2020-12-16 08:37:32.041980,180,27000,12,405.0,81.0,13.4907,65.0,68.0,79.0,96.0,97.0,0,2020-2019,-0.8041,-0.2917,0.4923,12.9251
2020-12-16 08:37:32.041980,181,27000,13,489.0,97.8,9.453,87.0,92.0,97.0,98.0,115.0,0,2020-2019,0.0,-0.1478,0.25,12.9251
2020-12-16 08:37:32.041980,182,23000,1,2162.0,432.4,72.1127,350.0,381.0,393.0,516.0,522.0,0,2020-2019,0.0025,-0.3295,0.0886,12.2016
2020-12-16 08:37:32.041980,183,23000,2,2283.0,456.6,28.7235,432.0,433.0,435.0,486.0,497,0,2020-2019,0.0966,-0.1308,0.1224,12.2016
2020-12-16 08:37:32.041980,184,23000,3,2281.0,456.2,37.8967,399.0,431.0,459.0,489.0,503,0,2020-2019,0.1068,-0.184,0.1671,12.2016
2020-12-16 08:37:32.041980,185,23000,4,2234.0,446.8,31.9587,412.0,417.0,445.0,460.0,500,0,2020-2019,-0.048,0.0121,0.087,12.2016
2020-12-16 08:37:32.041980,186,23000,5,2233.0,446.6,25.2555,401.0,439.0,456.0,467.0,470,0,2020-2019,0.068,-0.1413,0.0948,12.2016
2020-12-16 08:37:32.041980,187,23000,6,2330.0,466.0,35.3893,414.0,444.0,469.0,485.0,518,0,2020-2019,-0.0309,-0.1173,0.1667,12.2016
2020-12-16 08:37:32.041980,188,23000,7,2618.0,523.6,68.637,453.0,456.0,533.0,535.0,641,0,2020-2019,0.2908,-0.1685,0.4057,12.2016
2020-12-16 08:37:32.041980,189,23000,8,2495.0,499.0,27.3715,457.0,476.0,517.0,519.0,526,0,2020-2019,2.6445,-0.1161,0.0903,12.2016
2020-12-16 08:37:32.041980,190,23000,9,2419.0,483.8,49.0567,450.0,450.0,463.0,476.0,580,0,2020-2019,0.9966,0.0,0.2185,12.2016
2020-12-16 08:37:32.041980,191,23000,10,2421.0,484.2,47.9892,446.0,451.0,451.0,502.0,571,0,2020-2019,0.2207,-0.1016,0.2661,12.2016
2020-12-16 08:37:32.041980,192,23000,11,2480.0,496.0,35.9166,456.0,469.0,480.0,523.0,552,0,2020-2019,-0.0399,-0.0822,0.15,12.2016
2020-12-16 08:37:32.041980,193,23000,12,2459.0,491.8,27.5565,469.0,475.0,479.0,491.0,545.0,0,2020-2019,-0.7908,-0.0326,0.1474,12.2016
2020-12-16 08:37:32.041980,194,23000,13,2907.0,581.4,60.2548,472.0,568.0,599.0,625.0,643.0,0,2020-2019,0.0,-0.028,0.2034,12.2016
2020-12-16 08:37:32.041980,195,25000,1,3988.0,797.6,87.1381,681.0,744.0,798.0,823.0,942.0,0,2020-2019,-0.0877,-0.2102,0.1718,10.3254
2020-12-16 08:37:32.041980,196,25000,2,4445.0,889.0,33.4963,838.0,869.0,892.0,911.0,935,0,2020-2019,0.0364,-0.0461,0.0759,10.3254
2020-12-16 08:37:32.041980,197,25000,3,4439.0,887.8,38.4416,848.0,853.0,876.0,912.0,950,0,2020-2019,-0.0158,-0.0263,0.0692,10.3254
2020-12-16 08:37:32.041980,198,25000,4,4400.0,880.0,36.2215,833.0,839.0,902.0,911.0,915,0,2020-2019,0.0532,-0.0099,0.0906,10.3254
2020-12-16 08:37:32.041980,199,25000,5,4363.0,872.6,45.6096,809.0,844.0,863.0,912.0,935,0,2020-2019,0.0329,-0.0246,0.1078,10.3254
2020-12-16 08:37:32.041980,200,25000,6,4830.0,966.0,87.9272,799.0,977.0,995.0,1000.0,1059,0,2020-2019,-0.018,-0.0774,0.3254,10.3254
2020-12-16 08:37:32.041980,201,25000,7,4742.0,948.4,83.7057,828.0,899.0,948.0,991.0,1076,0,2020-2019,-0.0061,-0.079,0.1969,10.3254
2020-12-16 08:37:32.041980,202,25000,8,4460.0,892.0,61.3482,804.0,841.0,904.0,944.0,967,0,2020-2019,0.4629,-0.0238,0.0749,10.3254
2020-12-16 08:37:32.041980,203,25000,9,4485.0,897.0,45.607,846.0,875.0,888.0,894.0,982,0,2020-2019,0.6263,-0.0473,0.0984,10.3254
2020-12-16 08:37:32.041980,204,25000,10,4417.0,883.4,38.04,827.0,859.0,891.0,901.0,939,0,2020-2019,0.4537,-0.0718,0.0489,10.3254
2020-12-16 08:37:32.041980,205,25000,11,4379.0,875.8,44.9996,826.0,846.0,866.0,884.0,957,0,2020-2019,0.2832,-0.0656,0.1586,10.3254
2020-12-16 08:37:32.041980,206,25000,12,4287.0,857.4,55.9164,804.0,825.0,828.0,869.0,961.0,0,2020-2019,-0.6733,-0.029,0.1059,10.3254
2020-12-16 08:37:32.041980,207,25000,13,5503.0,1100.6,104.8591,903.0,1086.0,1159.0,1162.0,1193.0,0,2020-2019,0.0,-0.026,0.2027,10.3254
2020-12-16 08:37:32.041980,208,94000,1,43.0,8.6,3.4986,4.0,5.0,10.0,11.0,13.0,0,2020-2019,0.6,-0.6923,1.5,41.6233
2020-12-16 08:37:32.041980,209,94000,2,37.0,7.4,2.1541,4.0,6.0,8.0,9.0,10,0,2020-2019,0.125,-0.2,0.5,41.6233
2020-12-16 08:37:32.041980,210,94000,3,45.0,9.0,3.3466,3.0,9.0,9.0,11.0,13,0,2020-2019,0.3333,-0.6667,0.2222,41.6233
2020-12-16 08:37:32.041980,211,94000,4,38.0,7.6,2.0591,4.0,7.0,8.0,9.0,10,0,2020-2019,0.2,0.1111,0.75,41.6233
2020-12-16 08:37:32.041980,212,94000,5,35.0,7.0,2.7568,4.0,4.0,7.0,9.0,11,0,2020-2019,-0.3333,-0.6364,1.75,41.6233
2020-12-16 08:37:32.041980,213,94000,6,49.0,9.8,4.5343,5.0,5.0,9.0,14.0,16,0,2020-2019,-0.5,-0.4444,2.2,41.6233
2020-12-16 08:37:32.041980,214,94000,7,33.0,6.6,1.3565,5.0,5.0,7.0,8.0,8,0,2020-2019,0.0,-0.375,0.6,41.6233
2020-12-16 08:37:32.041980,215,94000,8,39.0,7.8,3.9699,3.0,6.0,7.0,8.0,15,0,2020-2019,0.0,-0.4667,1.5,41.6233
2020-12-16 08:37:32.041980,216,94000,9,31.0,6.2,2.7129,3.0,5.0,5.0,7.0,11,0,2020-2019,1.0,-0.4,1.2,41.6233
2020-12-16 08:37:32.041980,217,94000,10,42.0,8.4,3.7202,5.0,6.0,6.0,10.0,15,0,2020-2019,2.1667,-0.6667,0.6667,41.6233
2020-12-16 08:37:32.041980,218,94000,11,43.0,8.6,1.3565,7.0,8.0,8.0,9.0,11,0,2020-2019,0.625,-0.2727,0.375,41.6233
2020-12-16 08:37:32.041980,219,94000,12,31.0,6.2,2.4819,3.0,4.0,7.0,7.0,10.0,0,2020-2019,-0.7143,-0.5714,1.5,41.6233
2020-12-16 08:37:32.041980,220,94000,13,60.0,12.0,3.0332,8.0,10.0,11.0,15.0,16.0,0,2020-2019,0.0,-0.2,0.375,41.6233
2020-12-16 08:37:32.041980,221,95000,1,55.0,11.0,4.4721,6.0,8.0,10.0,12.0,19.0,0,2020-2019,0.5,-0.6842,1.0,31.8622
2020-12-16 08:37:32.041980,222,95000,2,80.0,16.0,2.8983,11.0,16.0,16.0,17.0,20,0,2020-2019,0.25,-0.3125,0.4545,31.8622
2020-12-16 08:37:32.041980,223,95000,3,85.0,17.0,6.229,8.0,14.0,15.0,23.0,25,0,2020-2019,-0.36,-0.4667,2.125,31.8622
2020-12-16 08:37:32.041980,224,95000,4,87.0,17.4,3.2619,13.0,15.0,17.0,20.0,22,0,2020-2019,0.1818,-0.2353,0.4667,31.8622
2020-12-16 08:37:32.041980,225,95000,5,74.0,14.8,3.544,9.0,14.0,15.0,16.0,20,0,2020-2019,1.2222,-0.55,0.3333,31.8622
2020-12-16 08:37:32.041980,226,95000,6,77.0,15.4,3.4409,11.0,13.0,15.0,17.0,21,0,2020-2019,0.0476,-0.1538,0.5455,31.8622
2020-12-16 08:37:32.041980,227,95000,7,90.0,18.0,7.4297,10.0,13.0,15.0,21.0,31,0,2020-2019,-0.2381,-0.3226,1.0667,31.8622
2020-12-16 08:37:32.041980,228,95000,8,97.0,19.4,3.7202,15.0,15.0,21.0,22.0,24,0,2020-2019,-0.2273,-0.0833,0.4,31.8622
2020-12-16 08:37:32.041980,229,95000,9,100.0,20.0,4.3818,14.0,17.0,19.0,25.0,25,0,2020-2019,-0.2,-0.2632,0.4706,31.8622
2020-12-16 08:37:32.041980,230,95000,10,95.0,19.0,2.0976,16.0,17.0,20.0,21.0,21,0,2020-2019,0.8235,-0.2,0.3125,31.8622
2020-12-16 08:37:32.041980,231,95000,11,97.0,19.4,1.3565,18.0,19.0,19.0,19.0,22,0,2020-2019,-0.0909,0.0,0.1579,31.8622
2020-12-16 08:37:32.041980,232,95000,12,83.0,16.6,3.5553,11.0,14.0,18.0,20.0,20.0,0,2020-2019,-0.8,-0.3889,0.8182,31.8622
2020-12-16 08:37:32.041980,233,95000,13,119.0,23.8,9.1082,9.0,19.0,25.0,32.0,34.0,0,2020-2019,0.0,0.0625,1.1111,31.8622
2020-12-16 08:37:32.041980,234,41000,1,1790.0,358.0,57.72,276.0,329.0,338.0,416.0,431.0,0,2020-2019,0.003,-0.2158,0.192,10.5961
2020-12-16 08:37:32.041980,235,41000,2,2020.0,404.0,10.9179,387.0,401.0,404.0,407.0,421,0,2020-2019,0.086,-0.0475,0.0517,10.5961
2020-12-16 08:37:32.041980,236,41000,3,1931.0,386.2,13.3026,371.0,375.0,387.0,389.0,409,0,2020-2019,0.1173,-0.0489,0.0431,10.5961
2020-12-16 08:37:32.041980,237,41000,4,1785.0,357.0,21.2885,318.0,353.0,367.0,367.0,380,0,2020-2019,-0.0163,-0.1335,0.195,10.5961
2020-12-16 08:37:32.041980,238,41000,5,1819.0,363.8,16.8214,336.0,359.0,363.0,375.0,386,0,2020-2019,0.0207,-0.0641,0.1161,10.5961
2020-12-16 08:37:32.041980,239,41000,6,1918.0,383.6,24.1048,344.0,374.0,383.0,407.0,410,0,2020-2019,-0.0294,-0.0878,0.1831,10.5961
2020-12-16 08:37:32.041980,240,41000,7,2028.0,405.6,23.7369,380.0,392.0,397.0,410.0,449,0,2020-2019,-0.0204,-0.1269,0.131,10.5961
2020-12-16 08:37:32.041980,241,41000,8,1960.0,392.0,27.6839,354.0,379.0,383.0,409.0,435,0,2020-2019,-0.0391,0.0106,0.0706,10.5961
2020-12-16 08:37:32.041980,242,41000,9,1892.0,378.4,29.2068,348.0,350.0,368.0,409.0,417,0,2020-2019,0.3861,0.0057,0.1114,10.5961
2020-12-16 08:37:32.041980,243,41000,10,1824.0,364.8,18.4,330.0,369.0,369.0,371.0,385,0,2020-2019,0.8121,-0.1057,0.0054,10.5961
2020-12-16 08:37:32.041980,244,41000,11,1808.0,361.6,18.1064,344.0,349.0,355.0,365.0,395,0,2020-2019,0.9863,-0.1291,0.1127,10.5961
2020-12-16 08:37:32.041980,245,41000,12,1814.0,362.8,25.1507,322.0,355.0,359.0,384.0,394.0,0,2020-2019,-0.5,-0.093,0.1149,10.5961
2020-12-16 08:37:32.041980,246,41000,13,2339.0,467.8,43.8379,388.0,458.0,486.0,492.0,515.0,0,2020-2019,0.0,-0.1107,0.3273,10.5961
2020-12-16 08:37:32.041980,247,44000,1,661.0,132.2,25.087,99.0,110.0,138.0,145.0,169.0,0,2020-2019,-0.1006,-0.3172,0.5364,24.9212
2020-12-16 08:37:32.041980,248,44000,2,702.0,140.4,14.9746,124.0,125.0,141.0,148.0,164,0,2020-2019,0.0671,-0.008,0.1371,24.9212
2020-12-16 08:37:32.041980,249,44000,3,732.0,146.4,32.5122,101.0,130.0,138.0,167.0,196,0,2020-2019,-0.148,0.0615,0.2871,24.9212
2020-12-16 08:37:32.041980,250,44000,4,708.0,141.6,21.2847,117.0,120.0,142.0,156.0,173,0,2020-2019,-0.0578,-0.1549,0.3,24.9212
2020-12-16 08:37:32.041980,251,44000,5,757.0,151.4,38.6864,110.0,127.0,128.0,178.0,214,0,2020-2019,-0.0935,0.0079,0.3906,24.9212
2020-12-16 08:37:32.041980,252,44000,6,782.0,156.4,32.2837,103.0,141.0,163.0,179.0,196,0,2020-2019,-0.1684,0.095,0.3689,24.9212
2020-12-16 08:37:32.041980,253,44000,7,757.0,151.4,27.5797,119.0,129.0,141.0,181.0,187,0,2020-2019,0.3048,-0.0851,0.4031,24.9212
2020-12-16 08:37:32.041980,254,44000,8,774.0,154.8,33.6654,121.0,133.0,140.0,164.0,216,0,2020-2019,0.5602,-0.05,0.3171,24.9212
2020-12-16 08:37:32.041980,255,44000,9,728.0,145.6,32.8,109.0,111.0,143.0,175.0,190,0,2020-2019,0.6514,-0.0789,0.3287,24.9212
2020-12-16 08:37:32.041980,256,44000,10,766.0,153.2,37.9284,113.0,123.0,141.0,171.0,218,0,2020-2019,0.3853,0.0885,0.2749,24.9212
2020-12-16 08:37:32.041980,257,44000,11,818.0,163.6,24.3278,133.0,149.0,163.0,167.0,206,0,2020-2019,0.4126,0.0245,0.2335,24.9212
2020-12-16 08:37:32.041980,258,44000,12,938.0,187.6,39.2051,151.0,158.0,158.0,234.0,237.0,0,2020-2019,-0.7051,-0.0127,0.5,24.9212
2020-12-16 08:37:32.041980,259,44000,13,1014.0,202.8,60.6742,130.0,160.0,175.0,264.0,285.0,0,2020-2019,0.0,-0.0737,0.6286,24.9212
2020-12-16 08:37:32.041980,260,47000,1,1596.0,319.2,63.0663,238.0,283.0,306.0,344.0,425,0,2020-2019,0.049,-0.3081,0.1891,13.2696
2020-12-16 08:37:32.041980,261,47000,2,1690.0,338.0,26.3666,315.0,317.0,322.0,353.0,383,0,2020-2019,-0.0198,-0.0783,0.2159,13.2696
2020-12-16 08:37:32.041980,262,47000,3,1770.0,354.0,24.5194,322.0,337.0,348.0,373.0,390,0,2020-2019,0.0862,-0.1077,0.2112,13.2696
2020-12-16 08:37:32.041980,263,47000,4,1702.0,340.4,25.625,299.0,331.0,341.0,355.0,376,0,2020-2019,0.1437,-0.0559,0.107,13.2696
2020-12-16 08:37:32.041980,264,47000,5,1748.0,349.6,19.2416,330.0,337.0,343.0,353.0,385,0,2020-2019,0.1065,0.0178,0.0907,13.2696
2020-12-16 08:37:32.041980,265,47000,6,1804.0,360.8,30.4394,315.0,335.0,379.0,380.0,395,0,2020-2019,0.2427,-0.1184,0.2063,13.2696
2020-12-16 08:37:32.041980,266,47000,7,2037.0,407.4,44.1434,348.0,364.0,425.0,436.0,464,0,2020-2019,0.75,-0.1435,0.3333,13.2696
2020-12-16 08:37:32.041980,267,47000,8,1904.0,380.8,26.3697,354.0,358.0,368.0,404.0,420,0,2020-2019,1.005,-0.0381,0.1413,13.2696
2020-12-16 08:37:32.041980,268,47000,9,2007.0,401.4,20.9914,374.0,390.0,398.0,408.0,437,0,2020-2019,0.6773,-0.0833,0.1205,13.2696
2020-12-16 08:37:32.041980,269,47000,10,1813.0,362.6,35.5674,312.0,327.0,389.0,390.0,395,0,2020-2019,0.4354,-0.0459,0.25,13.2696
2020-12-16 08:37:32.041980,270,47000,11,1907.0,381.4,33.9564,329.0,354.0,400.0,407.0,417,0,2020-2019,0.1942,-0.0706,0.2371,13.2696
2020-12-16 08:37:32.041980,271,47000,12,1923.0,384.6,41.548,306.0,384.0,400.0,407.0,426.0,0,2020-2019,-0.7324,0.0175,0.2549,13.2696
2020-12-16 08:37:32.041980,272,47000,13,2226.0,445.2,57.5201,337.0,448.0,455.0,484.0,502.0,0,2020-2019,0.0,-0.0359,0.3294,13.2696
2020-12-16 08:37:32.041980,273,50000,1,1283.0,256.6,48.1107,209.0,221.0,232.0,282.0,339.0,0,2020-2019,0.056,-0.3835,0.2021,12.9856
2020-12-16 08:37:32.041980,274,50000,2,1465.0,293.0,38.9974,252.0,256.0,297.0,300.0,360,0,2020-2019,0.1,-0.3,0.4062,12.9856
2020-12-16 08:37:32.041980,275,50000,3,1516.0,303.2,36.7772,253.0,281.0,300.0,320.0,362,0,2020-2019,0.0375,-0.3011,0.2883,12.9856
2020-12-16 08:37:32.041980,276,50000,4,1520.0,304.0,25.2111,259.0,302.0,309.0,314.0,336,0,2020-2019,0.0464,-0.1752,0.166,12.9856
2020-12-16 08:37:32.041980,277,50000,5,1462.0,292.4,17.9399,268.0,284.0,292.0,295.0,323,0,2020-2019,0.0616,-0.1207,0.1007,12.9856
2020-12-16 08:37:32.041980,278,50000,6,1560.0,312.0,21.0523,283.0,290.0,327.0,327.0,333,0,2020-2019,-0.1009,-0.1502,0.1555,12.9856
2020-12-16 08:37:32.041980,279,50000,7,1661.0,332.2,10.1863,320.0,321.0,335.0,339.0,346,0,2020-2019,-0.0578,-0.0531,0.0469,12.9856
2020-12-16 08:37:32.041980,280,50000,8,1615.0,323.0,31.2858,280.0,293.0,333.0,349.0,360,0,2020-2019,-0.0611,-0.0444,0.1893,12.9856
2020-12-16 08:37:32.041980,281,50000,9,1629.0,325.8,34.2485,276.0,302.0,328.0,350.0,373,0,2020-2019,0.4718,-0.0861,0.2681,12.9856
2020-12-16 08:37:32.041980,282,50000,10,1481.0,296.2,11.7881,273.0,298.0,303.0,303.0,304,0,2020-2019,0.868,-0.102,0.1099,12.9856
2020-12-16 08:37:32.041980,283,50000,11,1395.0,279.0,26.7806,249.0,254.0,271.0,308.0,313,0,2020-2019,0.5812,-0.016,0.155,12.9856
2020-12-16 08:37:32.041980,284,50000,12,1413.0,282.6,14.8135,265.0,271.0,284.0,285.0,308.0,0,2020-2019,-0.6201,-0.0669,0.1623,12.9856
2020-12-16 08:37:32.041980,285,50000,13,1766.0,353.2,50.8779,282.0,323.0,340.0,400.0,421.0,0,2020-2019,0.0,0.0525,0.1765,12.9856
2020-12-16 08:37:32.041980,286,52000,1,2000.0,400.0,35.2874,347.0,386.0,402.0,409.0,456,0,2020-2019,0.1373,-0.1368,0.1787,9.9362
2020-12-16 08:37:32.041980,287,52000,2,2322.0,464.4,30.0706,432.0,432.0,471.0,475.0,512,0,2020-2019,0.1316,-0.0801,0.0995,9.9362
2020-12-16 08:37:32.041980,288,52000,3,2294.0,458.8,28.0171,415.0,444.0,467.0,469.0,499,0,2020-2019,0.0043,-0.0641,0.0699,9.9362
2020-12-16 08:37:32.041980,289,52000,4,2255.0,451.0,29.4822,417.0,430.0,440.0,469.0,499,0,2020-2019,-0.081,-0.0601,0.1341,9.9362
2020-12-16 08:37:32.041980,290,52000,5,2204.0,440.8,14.6615,421.0,430.0,444.0,445.0,464,0,2020-2019,0.1259,-0.0927,0.045,9.9362
2020-12-16 08:37:32.041980,291,52000,6,2249.0,449.8,30.2285,425.0,428.0,430.0,462.0,504,0,2020-2019,0.3014,-0.1508,0.1859,9.9362
2020-12-16 08:37:32.041980,292,52000,7,2349.0,469.8,33.1687,423.0,452.0,474.0,476.0,524,0,2020-2019,0.0344,-0.1113,0.1055,9.9362
2020-12-16 08:37:32.041980,293,52000,8,2296.0,459.2,18.3456,426.0,454.0,466.0,473.0,477,0,2020-2019,0.5137,-0.0482,0.0939,9.9362
2020-12-16 08:37:32.041980,294,52000,9,2225.0,445.0,30.5156,415.0,426.0,426.0,460.0,498,0,2020-2019,0.6807,-0.0258,0.1084,9.9362
2020-12-16 08:37:32.041980,295,52000,10,2223.0,444.6,19.3763,428.0,429.0,430.0,463.0,473,0,2020-2019,0.5464,-0.0211,0.1026,9.9362
2020-12-16 08:37:32.041980,296,52000,11,2173.0,434.6,20.9246,409.0,414.0,435.0,452.0,463,0,2020-2019,0.2203,-0.0598,0.1051,9.9362
2020-12-16 08:37:32.041980,297,52000,12,2282.0,456.4,27.1264,423.0,427.0,462.0,481.0,489.0,0,2020-2019,-0.6694,-0.0552,0.156,9.9362
2020-12-16 08:37:32.041980,298,52000,13,2718.0,543.6,75.2585,401.0,547.0,563.0,589.0,618.0,0,2020-2019,0.0,-0.0441,0.3641,9.9362
2020-12-16 08:37:32.041980,299,54000,1,2388.0,477.6,46.1242,429.0,443.0,466.0,490.0,560,0,2020-2019,-0.0271,-0.125,0.0862,14.7068
2020-12-16 08:37:32.041980,300,54000,2,2552.0,510.4,38.3698,467.0,486.0,488.0,543.0,568,0,2020-2019,-0.0608,-0.044,0.1687,14.7068
2020-12-16 08:37:32.041980,301,54000,3,2377.0,475.4,39.1081,434.0,446.0,452.0,516.0,529,0,2020-2019,-0.0736,-0.0398,0.1861,14.7068
2020-12-16 08:37:32.041980,302,54000,4,2481.0,496.2,12.9368,478.0,491.0,496.0,498.0,518,0,2020-2019,0.1222,-0.0521,0.0402,14.7068
2020-12-16 08:37:32.041980,303,54000,5,2482.0,496.4,34.9491,447.0,480.0,485.0,523.0,547,0,2020-2019,-0.0146,-0.0688,0.17,14.7068
2020-12-16 08:37:32.041980,304,54000,6,2452.0,490.4,42.5798,434.0,468.0,481.0,508.0,561,0,2020-2019,-0.0517,-0.0787,0.1705,14.7068
2020-12-16 08:37:32.041980,305,54000,7,2225.0,445.0,25.9923,411.0,426.0,439.0,468.0,481,0,2020-2019,0.0062,0.0278,0.0661,14.7068
2020-12-16 08:37:32.041980,306,54000,8,2334.0,466.8,32.437,431.0,444.0,461.0,473.0,525,0,2020-2019,0.5448,-0.0293,0.1099,14.7068
2020-12-16 08:37:32.041980,307,54000,9,2292.0,458.4,26.3029,411.0,453.0,463.0,482.0,483,0,2020-2019,1.2842,-0.0927,0.1265,14.7068
2020-12-16 08:37:32.041980,308,54000,10,2341.0,468.2,26.7013,429.0,465.0,465.0,469.0,513,0,2020-2019,0.3821,-0.0774,0.0938,14.7068
2020-12-16 08:37:32.041980,309,54000,11,2383.0,476.6,36.7728,427.0,438.0,494.0,511.0,513,0,2020-2019,0.3314,-0.0251,0.1569,14.7068
2020-12-16 08:37:32.041980,310,54000,12,2465.0,493.0,65.3299,417.0,454.0,458.0,540.0,596.0,0,2020-2019,-0.6796,-0.094,0.3013,14.7068
2020-12-16 08:37:32.041980,311,54000,13,3393.0,678.6,106.8468,474.0,675.0,726.0,755.0,763.0,0,2020-2019,0.0,-0.0105,0.4241,14.7068
2020-12-16 08:37:32.041980,312,86000,1,278.0,55.6,8.4522,43.0,52.0,56.0,58.0,69.0,0,2020-2019,0.1607,-0.3768,0.3488,15.3103
2020-12-16 08:37:32.041980,313,86000,2,307.0,61.4,1.8547,60.0,60.0,61.0,61.0,65,0,2020-2019,0.35,-0.0615,0.0656,15.3103
2020-12-16 08:37:32.041980,314,86000,3,292.0,58.4,10.1902,45.0,55.0,55.0,61.0,76,0,2020-2019,0.2545,-0.2763,0.2459,15.3103
2020-12-16 08:37:32.041980,315,86000,4,336.0,67.2,3.4871,63.0,65.0,66.0,69.0,73,0,2020-2019,0.3968,-0.087,0.1231,15.3103
2020-12-16 08:37:32.041980,316,86000,5,318.0,63.6,6.8,54.0,61.0,63.0,65.0,75,0,2020-2019,-0.04,-0.0317,0.2295,15.3103
2020-12-16 08:37:32.041980,317,86000,6,332.0,66.4,12.4676,52.0,58.0,63.0,71.0,88,0,2020-2019,0.2698,-0.2841,0.2394,15.3103
2020-12-16 08:37:32.041980,318,86000,7,321.0,64.2,3.4871,59.0,63.0,63.0,67.0,69,0,2020-2019,0.029,-0.0635,0.0678,15.3103
2020-12-16 08:37:32.041980,319,86000,8,354.0,70.8,5.98,61.0,69.0,70.0,76.0,78,0,2020-2019,1.7971,-0.1154,0.1475,15.3103
2020-12-16 08:37:32.041980,320,86000,9,343.0,68.6,11.1642,55.0,62.0,66.0,72.0,88,0,2020-2019,1.5278,-0.1818,0.3333,15.3103
2020-12-16 08:37:32.041980,321,86000,10,317.0,63.4,7.3919,53.0,61.0,63.0,64.0,76,0,2020-2019,0.9836,-0.3026,0.1887,15.3103
2020-12-16 08:37:32.041980,322,86000,11,300.0,60.0,7.2938,53.0,56.0,58.0,59.0,74,0,2020-2019,0.7458,-0.2162,0.3962,15.3103
2020-12-16 08:37:32.041980,323,86000,12,315.0,63.0,5.6569,56.0,58.0,64.0,65.0,72.0,0,2020-2019,-0.6719,-0.1944,0.1429,15.3103
2020-12-16 08:37:32.041980,324,86000,13,404.0,80.8,9.7857,65.0,74.0,86.0,88.0,91.0,0,2020-2019,0.0,-0.1395,0.4,15.3103
2020-12-16 08:37:32.041980,325,63000,1,1148.0,229.6,26.8373,196.0,209.0,221.0,260.0,262.0,0,2020-2019,0.1244,-0.1565,0.0663,11.7873
2020-12-16 08:37:32.041980,326,63000,2,1253.0,250.6,17.6477,217.0,249.0,260.0,262.0,265,0,2020-2019,0.0344,-0.0113,0.1475,11.7873
2020-12-16 08:37:32.041980,327,63000,3,1204.0,240.8,5.3442,235.0,236.0,241.0,242.0,250,0,2020-2019,0.0255,-0.06,0.0373,11.7873
2020-12-16 08:37:32.041980,328,63000,4,1240.0,248.0,19.8696,226.0,230.0,241.0,269.0,274,0,2020-2019,-0.1058,-0.1041,0.1913,11.7873
2020-12-16 08:37:32.041980,329,63000,5,1279.0,255.8,7.7563,244.0,253.0,256.0,258.0,268,0,2020-2019,-0.0784,0.0078,0.0388,11.7873
2020-12-16 08:37:32.041980,330,63000,6,1265.0,253.0,18.8574,226.0,247.0,249.0,259.0,284,0,2020-2019,-0.0729,-0.088,0.1406,11.7873
2020-12-16 08:37:32.041980,331,63000,7,1327.0,265.4,9.8306,253.0,254.0,272.0,272.0,276,0,2020-2019,-0.1507,-0.0833,0.0866,11.7873
2020-12-16 08:37:32.041980,332,63000,8,1298.0,259.6,23.0183,226.0,243.0,260.0,283.0,286,0,2020-2019,-0.1958,-0.1413,0.2522,11.7873
2020-12-16 08:37:32.041980,333,63000,9,1293.0,258.6,24.4998,231.0,232.0,259.0,279.0,292,0,2020-2019,0.043,-0.1042,0.2641,11.7873
2020-12-16 08:37:32.041980,334,63000,10,1218.0,243.6,18.8531,217.0,234.0,237.0,262.0,268,0,2020-2019,0.2575,-0.1718,0.1453,11.7873
2020-12-16 08:37:32.041980,335,63000,11,1235.0,247.0,11.9331,233.0,238.0,242.0,258.0,264,0,2020-2019,0.6477,-0.0775,0.0909,11.7873
2020-12-16 08:37:32.041980,336,63000,12,1262.0,252.4,14.7729,227.0,252.0,253.0,257.0,273.0,0,2020-2019,-0.6044,-0.0156,0.1322,11.7873
2020-12-16 08:37:32.041980,337,63000,13,1595.0,319.0,51.3576,222.0,319.0,340.0,342.0,372.0,0,2020-2019,0.0,-0.086,0.4369,11.7873
2020-12-16 08:37:32.041980,338,66000,1,1811.0,362.2,52.442,285.0,339.0,360.0,382.0,445.0,0,2020-2019,-0.1152,-0.2382,0.3404,9.9168
2020-12-16 08:37:32.041980,339,66000,2,2110.0,422.0,32.9848,378.0,386.0,442.0,450.0,454,0,2020-2019,0.0154,-0.0178,0.1658,9.9168
2020-12-16 08:37:32.041980,340,66000,3,1958.0,391.6,24.8,349.0,388.0,389.0,411.0,421,0,2020-2019,-0.0122,-0.0238,0.1146,9.9168
2020-12-16 08:37:32.041980,341,66000,4,2024.0,404.8,8.3283,394.0,396.0,408.0,411.0,415,0,2020-2019,0.012,-0.0414,0.0533,9.9168
2020-12-16 08:37:32.041980,342,66000,5,2003.0,400.6,25.9815,368.0,370.0,418.0,420.0,427,0,2020-2019,0.0734,-0.1196,0.1541,9.9168
2020-12-16 08:37:32.041980,343,66000,6,2000.0,400.0,23.1603,372.0,372.0,412.0,421.0,423,0,2020-2019,-0.043,-0.1206,0.1075,9.9168
2020-12-16 08:37:32.041980,344,66000,7,2114.0,422.8,18.6698,394.0,408.0,432.0,437.0,443,0,2020-2019,-0.0778,-0.088,0.1244,9.9168
2020-12-16 08:37:32.041980,345,66000,8,1935.0,387.0,19.8696,360.0,371.0,392.0,395.0,417,0,2020-2019,0.0485,-0.0608,0.124,9.9168
2020-12-16 08:37:32.041980,346,66000,9,1894.0,378.8,26.248,338.0,360.0,388.0,398.0,410,0,2020-2019,0.5077,-0.0537,0.1056,9.9168
2020-12-16 08:37:32.041980,347,66000,10,2022.0,404.4,19.653,379.0,389.0,407.0,411.0,436,0,2020-2019,0.3349,-0.0097,0.0713,9.9168
2020-12-16 08:37:32.041980,348,66000,11,1962.0,392.4,20.2544,365.0,373.0,397.0,411.0,416,0,2020-2019,0.4375,-0.0341,0.1019,9.9168
2020-12-16 08:37:32.041980,349,66000,12,1990.0,398.0,23.1257,376.0,378.0,387.0,413.0,436.0,0,2020-2019,-0.6789,-0.063,0.1596,9.9168
2020-12-16 08:37:32.041980,350,66000,13,2416.0,483.2,48.6103,393.0,480.0,492.0,523.0,528.0,0,2020-2019,0.0,0.0096,0.2214,9.9168
2020-12-16 08:37:32.041980,351,88000,1,80.0,16.0,3.8471,12.0,13.0,16.0,16.0,23,0,2020-2019,0.6154,-0.3043,0.0833,23.5444
2020-12-16 08:37:32.041980,352,88000,2,79.0,15.8,5.7061,9.0,13.0,14.0,17.0,26,0,2020-2019,1.0,-0.5,0.5294,23.5444
2020-12-16 08:37:32.041980,353,88000,3,91.0,18.2,4.2615,11.0,17.0,18.0,22.0,23,0,2020-2019,-0.1818,-0.3529,0.6364,23.5444
2020-12-16 08:37:32.041980,354,88000,4,83.0,16.6,4.4989,12.0,14.0,15.0,17.0,25,0,2020-2019,-0.28,-0.1765,0.6667,23.5444
2020-12-16 08:37:32.041980,355,88000,5,84.0,16.8,3.4293,12.0,15.0,16.0,19.0,22,0,2020-2019,0.1579,-0.1364,0.4667,23.5444
2020-12-16 08:37:32.041980,356,88000,6,95.0,19.0,4.899,14.0,16.0,17.0,20.0,28,0,2020-2019,-0.25,-0.3929,1.0,23.5444
2020-12-16 08:37:32.041980,357,88000,7,74.0,14.8,2.5612,11.0,13.0,15.0,17.0,18,0,2020-2019,0.4,-0.3529,0.6364,23.5444
2020-12-16 08:37:32.041980,358,88000,8,83.0,16.6,3.3226,14.0,14.0,16.0,16.0,23,0,2020-2019,0.0,-0.3913,0.6429,23.5444
2020-12-16 08:37:32.041980,359,88000,9,94.0,18.8,2.8566,15.0,17.0,18.0,21.0,23,0,2020-2019,0.0667,-0.1905,0.2778,23.5444
2020-12-16 08:37:32.041980,360,88000,10,81.0,16.2,2.6382,12.0,15.0,16.0,19.0,19,0,2020-2019,0.9375,-0.3684,0.3333,23.5444
2020-12-16 08:37:32.041980,361,88000,11,78.0,15.6,1.7436,13.0,14.0,17.0,17.0,17,0,2020-2019,1.6154,-0.2353,0.2143,23.5444
2020-12-16 08:37:32.041980,362,88000,12,97.0,19.4,2.8705,14.0,19.0,21.0,21.0,22.0,0,2020-2019,-0.8571,-0.3333,0.5,23.5444
2020-12-16 08:37:32.041980,363,88000,13,105.0,21.0,3.2249,16.0,20.0,20.0,24.0,25.0,0,2020-2019,0.0,-0.1667,0.5625,23.5444
2020-12-16 08:37:32.041980,364,68000,1,3293.0,658.6,94.8654,534.0,601.0,625.0,737.0,796,0,2020-2019,0.0672,-0.1845,0.1704,10.9074
2020-12-16 08:37:32.041980,365,68000,2,3665.0,733.0,32.7536,692.0,716.0,725.0,742.0,790,0,2020-2019,0.0633,-0.0335,0.0647,10.9074
2020-12-16 08:37:32.041980,366,68000,3,3546.0,709.2,30.2218,672.0,675.0,721.0,732.0,746,0,2020-2019,0.0478,-0.0638,0.1101,10.9074
2020-12-16 08:37:32.041980,367,68000,4,3537.0,707.4,36.081,652.0,689.0,703.0,743.0,750,0,2020-2019,0.0525,-0.1307,0.0885,10.9074
2020-12-16 08:37:32.041980,368,68000,5,3704.0,740.8,18.0599,723.0,729.0,730.0,750.0,772,0,2020-2019,-0.022,-0.0082,0.0373,10.9074
2020-12-16 08:37:32.041980,369,68000,6,3775.0,755.0,34.2637,715.0,717.0,768.0,771.0,804,0,2020-2019,-0.0339,-0.07,0.1213,10.9074
2020-12-16 08:37:32.041980,370,68000,7,4008.0,801.6,33.726,755.0,785.0,795.0,817.0,856,0,2020-2019,-0.1145,-0.0503,0.0821,10.9074
2020-12-16 08:37:32.041980,371,68000,8,3799.0,759.8,30.9089,720.0,748.0,751.0,766.0,814,0,2020-2019,0.269,-0.0196,0.0839,10.9074
2020-12-16 08:37:32.041980,372,68000,9,3889.0,777.8,62.217,695.0,729.0,777.0,818.0,870,0,2020-2019,0.9242,-0.0598,0.1197,10.9074
2020-12-16 08:37:32.041980,373,68000,10,3761.0,752.2,62.3519,669.0,714.0,753.0,769.0,856,0,2020-2019,0.7542,-0.1203,0.2795,10.9074
2020-12-16 08:37:32.041980,374,68000,11,3508.0,701.6,51.6821,627.0,677.0,693.0,730.0,781,0,2020-2019,0.5045,-0.0739,0.1643,10.9074
2020-12-16 08:37:32.041980,375,68000,12,3669.0,733.8,54.3522,685.0,685.0,720.0,747.0,832.0,0,2020-2019,-0.6755,-0.0486,0.1138,10.9074
2020-12-16 08:37:32.041980,376,68000,13,4633.0,926.6,91.1561,762.0,896.0,970.0,995.0,1010.0,0,2020-2019,0.0,-0.0763,0.273,10.9074
2020-12-16 08:37:32.041980,377,70000,1,1172.0,234.4,26.1197,213.0,214.0,215.0,253.0,277,0,2020-2019,0.0798,-0.1502,-0.0047,14.7133
2020-12-16 08:37:32.041980,378,70000,2,1232.0,246.4,21.058,228.0,230.0,231.0,264.0,279,0,2020-2019,0.0379,-0.0538,0.2237,14.7133
2020-12-16 08:37:32.041980,379,70000,3,1245.0,249.0,15.8367,225.0,238.0,253.0,259.0,270,0,2020-2019,-0.0259,0.0237,0.063,14.7133
2020-12-16 08:37:32.041980,380,70000,4,1216.0,243.2,14.1901,223.0,230.0,250.0,253.0,260,0,2020-2019,-0.1077,0.012,0.087,14.7133
2020-12-16 08:37:32.041980,381,70000,5,1198.0,239.6,26.5676,205.0,224.0,229.0,262.0,278,0,2020-2019,-0.1871,-0.0218,0.1696,14.7133
2020-12-16 08:37:32.041980,382,70000,6,1317.0,263.4,33.8857,223.0,237.0,254.0,287.0,316,0,2020-2019,-0.0174,-0.0918,0.2441,14.7133
2020-12-16 08:37:32.041980,383,70000,7,1455.0,291.0,40.0849,246.0,265.0,289.0,291.0,364,0,2020-2019,0.7855,-0.206,0.2509,14.7133
2020-12-16 08:37:32.041980,384,70000,8,1439.0,287.8,54.7701,206.0,253.0,305.0,307.0,368,0,2020-2019,0.9402,-0.0065,0.2282,14.7133
2020-12-16 08:37:32.041980,385,70000,9,1352.0,270.4,32.2652,246.0,253.0,256.0,263.0,334,0,2020-2019,0.3683,0.0119,0.27,14.7133
2020-12-16 08:37:32.041980,386,70000,10,1423.0,284.6,18.3586,259.0,270.0,288.0,295.0,311,0,2020-2019,0.0129,-0.0625,0.1519,14.7133
2020-12-16 08:37:32.041980,387,70000,11,1363.0,272.6,21.6111,248.0,254.0,267.0,288.0,306,0,2020-2019,0.2188,-0.1699,0.1461,14.7133
2020-12-16 08:37:32.041980,388,70000,12,1316.0,263.2,22.4357,245.0,249.0,251.0,265.0,306.0,0,2020-2019,-0.7843,-0.0604,0.249,14.7133
2020-12-16 08:37:32.041980,389,70000,13,1637.0,327.4,39.1643,256.0,326.0,329.0,359.0,367.0,0,2020-2019,0.0,0.0092,0.2734,14.7133
2020-12-16 08:37:32.041980,390,73000,1,2841.0,568.2,70.6863,488.0,498.0,561.0,623.0,671.0,0,2020-2019,-0.0281,-0.1639,0.077,11.1154
2020-12-16 08:37:32.041980,391,73000,2,3057.0,611.4,18.4997,576.0,612.0,617.0,626.0,626,0,2020-2019,-0.031,-0.0799,0.0625,11.1154
2020-12-16 08:37:32.041980,392,73000,3,2798.0,559.6,37.1946,510.0,536.0,560.0,571.0,621,0,2020-2019,0.1176,-0.1369,0.0448,11.1154
2020-12-16 08:37:32.041980,393,73000,4,2726.0,545.2,19.5796,515.0,537.0,547.0,552.0,575,0,2020-2019,-0.0344,-0.0661,0.0718,11.1154
2020-12-16 08:37:32.041980,394,73000,5,2757.0,551.4,31.4998,510.0,539.0,541.0,562.0,605,0,2020-2019,-0.1405,-0.0925,0.1224,11.1154
2020-12-16 08:37:32.041980,395,73000,6,2891.0,578.2,41.3976,542.0,546.0,562.0,586.0,655,0,2020-2019,-0.0018,-0.142,0.1996,11.1154
2020-12-16 08:37:32.041980,396,73000,7,2771.0,554.2,28.6664,512.0,529.0,566.0,580.0,584,0,2020-2019,-0.1121,-0.0654,0.1055,11.1154
2020-12-16 08:37:32.041980,397,73000,8,2782.0,556.4,35.1033,511.0,530.0,552.0,579.0,610,0,2020-2019,0.0,-0.0743,0.0925,11.1154
2020-12-16 08:37:32.041980,398,73000,9,2810.0,562.0,47.4889,502.0,529.0,549.0,595.0,635,0,2020-2019,0.2142,-0.051,0.1853,11.1154
2020-12-16 08:37:32.041980,399,73000,10,2789.0,557.8,46.456,505.0,525.0,558.0,560.0,641,0,2020-2019,0.1654,-0.0982,0.1487,11.1154
2020-12-16 08:37:32.041980,400,73000,11,2622.0,524.4,21.096,495.0,508.0,526.0,539.0,554,0,2020-2019,0.5158,-0.083,0.1192,11.1154
2020-12-16 08:37:32.041980,401,73000,12,2719.0,543.8,19.6916,511.0,537.0,543.0,564.0,564.0,0,2020-2019,-0.5993,-0.0484,0.1037,11.1154
2020-12-16 08:37:32.041980,402,73000,13,3668.0,733.6,51.5038,651.0,700.0,751.0,775.0,791.0,0,2020-2019,0.0,-0.115,0.2151,11.1154
2020-12-16 08:37:32.041980,403,76000,1,7779.0,1555.8,181.8542,1400.0,1404.0,1419.0,1761.0,1795.0,0,2020-2019,0.0853,-0.2178,0.0193,9.8582
2020-12-16 08:37:32.041980,404,76000,2,8715.0,1743.0,80.3069,1618.0,1689.0,1758.0,1821.0,1829,0,2020-2019,0.0153,-0.042,0.1255,9.8582
2020-12-16 08:37:32.041980,405,76000,3,8520.0,1704.0,47.0021,1650.0,1653.0,1706.0,1745.0,1766,0,2020-2019,0.0311,-0.0311,0.0557,9.8582
2020-12-16 08:37:32.041980,406,76000,4,8639.0,1727.8,55.7545,1631.0,1711.0,1734.0,1775.0,1788,0,2020-2019,0.0197,-0.0594,0.0883,9.8582
2020-12-16 08:37:32.041980,407,76000,5,8466.0,1693.2,66.4813,1584.0,1668.0,1693.0,1745.0,1776,0,2020-2019,-0.0057,-0.0608,0.0688,9.8582
2020-12-16 08:37:32.041980,408,76000,6,8881.0,1776.2,43.6962,1700.0,1775.0,1783.0,1787.0,1836,0,2020-2019,0.043,0.0022,0.0441,9.8582
2020-12-16 08:37:32.041980,409,76000,7,9006.0,1801.2,77.6541,1687.0,1770.0,1772.0,1884.0,1893,0,2020-2019,0.1009,-0.048,0.1168,9.8582
2020-12-16 08:37:32.041980,410,76000,8,8542.0,1708.4,112.6811,1592.0,1612.0,1665.0,1782.0,1891,0,2020-2019,0.4151,-0.0318,0.1193,9.8582
2020-12-16 08:37:32.041980,411,76000,9,8276.0,1655.2,85.7167,1564.0,1579.0,1617.0,1755.0,1761,0,2020-2019,0.46,-0.0328,0.1221,9.8582
2020-12-16 08:37:32.041980,412,76000,10,8116.0,1623.2,42.3575,1579.0,1587.0,1606.0,1654.0,1690,0,2020-2019,0.3432,-0.005,0.0299,9.8582
2020-12-16 08:37:32.041980,413,76000,11,8009.0,1601.8,60.6676,1507.0,1589.0,1590.0,1630.0,1693,0,2020-2019,0.3869,-0.0522,0.0816,9.8582
2020-12-16 08:37:32.041980,414,76000,12,8361.0,1672.2,96.2775,1489.0,1676.0,1707.0,1721.0,1768.0,0,2020-2019,-0.69,-0.1277,0.1558,9.8582
2020-12-16 08:37:32.041980,415,76000,13,10654.0,2130.8,214.3879,1747.0,2078.0,2219.0,2230.0,2380.0,0,2020-2019,0.0,-0.0049,0.1895,9.8582
2020-12-16 08:37:32.041980,416,97000,1,23.0,4.6,3.8781,1.0,2.0,4.0,4.0,12,0,2020-2019,0.0,-0.75,1.0,52.049
2020-12-16 08:37:32.041980,417,97000,2,28.0,5.6,1.9596,2.0,5.0,7.0,7.0,7,0,2020-2019,-0.8571,-0.6,2.5,52.049
2020-12-16 08:37:32.041980,418,97000,3,20.0,4.0,1.7889,2.0,3.0,3.0,5.0,7,0,2020-2019,1.6667,-0.7143,1.5,52.049
2020-12-16 08:37:32.041980,419,97000,4,26.0,5.2,2.2271,3.0,3.0,5.0,6.0,9,0,2020-2019,-0.1667,-0.4,2.0,52.049
2020-12-16 08:37:32.041980,420,97000,5,28.0,5.6,1.0198,4.0,5.0,6.0,6.0,7,0,2020-2019,0.25,-0.2857,0.1667,52.049
2020-12-16 08:37:32.041980,421,97000,6,20.0,4.0,2.3664,1.0,3.0,3.0,5.0,8,0,2020-2019,-0.4,-0.6667,2.0,52.049
2020-12-16 08:37:32.041980,422,97000,7,19.0,4.75,2.4875,1.0,4.0,5.0,5.75,8,1,2020-2019,0.0,-0.375,7.0,52.049
2020-12-16 08:37:32.041980,423,97000,8,31.0,6.2,2.9257,3.0,4.0,5.0,8.0,11,0,2020-2019,0.0,-0.5455,1.6667,52.049
2020-12-16 08:37:32.041980,424,97000,9,38.0,7.6,3.6661,1.0,7.0,9.0,9.0,12,0,2020-2019,0.5714,-0.25,8.0,52.049
2020-12-16 08:37:32.041980,425,97000,10,31.0,6.2,2.7129,4.0,4.0,4.0,9.0,10,0,2020-2019,2.0,-0.6,1.5,52.049
2020-12-16 08:37:32.041980,426,97000,11,34.0,6.8,2.8566,3.0,5.0,6.0,9.0,11,0,2020-2019,2.0,-0.7273,1.2,52.049
2020-12-16 08:37:32.041980,427,97000,12,28.0,5.6,2.6533,3.0,3.0,5.0,7.0,10.0,0,2020-2019,-0.3333,-0.4,2.3333,52.049
2020-12-16 08:37:32.041980,428,97000,13,30.0,6.0,1.7889,3.0,5.0,7.0,7.0,8.0,0,2020-2019,0.0,-0.5714,1.3333,52.049
2020-12-16 08:37:32.041980,429,99000,1,53.0,10.6,1.6248,8.0,10.0,11.0,11.0,13.0,0,2020-2019,-0.2,-0.2727,0.625,35.4522
2020-12-16 08:37:32.041980,430,99000,2,54.0,10.8,3.3106,8.0,8.0,10.0,11.0,17,0,2020-2019,-0.2941,-0.2727,0.7,35.4522
2020-12-16 08:37:32.041980,431,99000,3,57.0,11.4,8.2365,4.0,6.0,6.0,15.0,26,0,2020-2019,2.0,-0.7692,3.3333,35.4522
2020-12-16 08:37:32.041980,432,99000,4,53.0,10.6,3.2,6.0,8.0,12.0,12.0,15,0,2020-2019,0.0,-0.2,0.5,35.4522
2020-12-16 08:37:32.041980,433,99000,5,58.0,11.6,2.9394,8.0,8.0,14.0,14.0,14,0,2020-2019,-0.2143,-0.4286,0.75,35.4522
2020-12-16 08:37:32.041980,434,99000,6,77.0,15.4,3.2619,11.0,13.0,15.0,18.0,20,0,2020-2019,0.3636,-0.3889,0.2,35.4522
2020-12-16 08:37:32.041980,435,99000,7,74.0,14.8,6.7941,6.0,11.0,12.0,20.0,25,0,2020-2019,-0.48,-0.4545,2.3333,35.4522
2020-12-16 08:37:32.041980,436,99000,8,81.0,16.2,1.7205,13.0,16.0,17.0,17.0,18,0,2020-2019,0.1176,-0.2778,0.2308,35.4522
2020-12-16 08:37:32.041980,437,99000,9,78.0,15.6,4.2708,11.0,12.0,15.0,17.0,23,0,2020-2019,-0.0435,-0.3529,0.5333,35.4522
2020-12-16 08:37:32.041980,438,99000,10,71.0,14.2,3.763,10.0,11.0,13.0,17.0,20,0,2020-2019,-0.1176,-0.5,0.8182,35.4522
2020-12-16 08:37:32.041980,439,99000,11,69.0,13.8,2.3152,10.0,13.0,14.0,15.0,17,0,2020-2019,0.5714,-0.1765,0.5,35.4522
2020-12-16 08:37:32.041980,440,99000,12,68.0,13.6,5.2764,7.0,9.0,15.0,15.0,22.0,0,2020-2019,-0.9333,-0.5909,2.1429,35.4522
2020-12-16 08:37:32.041980,441,99000,13,71.0,14.2,3.6551,11.0,12.0,12.0,15.0,21.0,0,2020-2019,0.0,-0.2857,0.9091,35.4522
