exec_date,index,entity,period,total,mean,stdev,min,p25,p50,p75,max,no_data,var_coef
2020-12-14 09:42:21.326453,0,00000,1,17.638,1.7638,0.3997,1.1657,1.49615,1.6923,1.9335750000000003,2.6501,0,14.3546
2020-12-14 09:42:21.326453,1,00000,2,23.4834,2.3483,0.1015,2.1275,2.322675,2.359,2.4082000000000003,2.5092,0,14.3546
2020-12-14 09:42:21.326453,2,00000,3,23.2185,2.3218,0.1553,2.0244,2.232475,2.31175,2.425725,2.6187,0,14.3546
2020-12-14 09:42:21.326453,3,00000,4,22.1614,2.2161,0.1161,1.9879,2.13285,2.2443,2.314825,2.363,0,14.3546
2020-12-14 09:42:21.326453,4,00000,5,22.0288,2.2029,0.1103,2.0589,2.115075,2.16015,2.308975,2.3939,0,14.3546
2020-12-14 09:42:21.326453,5,00000,6,22.247,2.2247,0.1181,2.0523,2.1187,2.22925,2.298625,2.4466,0,14.3546
2020-12-14 09:42:21.326453,6,00000,7,21.0177,2.1018,0.1125,1.9395,1.9931999999999999,2.1084500000000004,2.17245,2.2823,0,14.3546
2020-12-14 09:42:21.326453,7,00000,8,22.0116,2.2012,0.1589,1.9503,2.118975,2.2133000000000003,2.285675,2.4873,0,14.3546
2020-12-14 09:42:21.326453,8,00000,9,21.573,2.1573,0.1442,1.8634,2.073425,2.2088,2.2799500000000004,2.3173,0,14.3546
2020-12-14 09:42:21.326453,9,00000,10,21.9233,2.1923,0.2665,1.6376,2.088075,2.20265,2.401625,2.529,0,14.3546
2020-12-14 09:42:21.326453,10,00000,11,20.3643,2.0364,0.2891,1.4247,1.9752,2.08515,2.26905,2.329,0,14.3546
2020-12-14 09:42:21.326453,11,00000,12,18.7168,1.8717,0.3403,1.1945,1.64375,1.93355,2.1815499999999997,2.2595,0,14.3546
2020-12-14 09:42:21.326453,12,00000,13,20.1997,2.02,0.558,0.9838,1.579925,2.2224,2.5340249999999997,2.6029,0,14.3546
2020-12-14 09:42:21.326453,13,05000,1,24.9349,2.4935,0.6006,1.6876,2.098175,2.32945,3.029525,3.429,0,15.7357
2020-12-14 09:42:21.326453,14,05000,2,34.2964,3.4296,0.2945,2.7051,3.3274,3.4978499999999997,3.6194999999999995,3.7675,0,15.7357
2020-12-14 09:42:21.326453,15,05000,3,34.7826,3.4783,0.3452,3.1907,3.27125,3.3882,3.5012,4.4436,0,15.7357
2020-12-14 09:42:21.326453,16,05000,4,32.5364,3.2536,0.301,2.8096,3.1027749999999994,3.2178,3.3917499999999996,3.9227,0,15.7357
2020-12-14 09:42:21.326453,17,05000,5,30.6427,3.0643,0.2526,2.5402,3.07355,3.1345,3.22455,3.357,0,15.7357
2020-12-14 09:42:21.326453,18,05000,6,31.042,3.1042,0.1572,2.8026,2.9772,3.1379,3.2280499999999996,3.3116,0,15.7357
2020-12-14 09:42:21.326453,19,05000,7,29.818,2.9818,0.2257,2.5877,2.790725,2.99245,3.1458749999999998,3.353,0,15.7357
2020-12-14 09:42:21.326453,20,05000,8,32.5835,3.2584,0.1845,3.0513,3.092875,3.20995,3.4084499999999998,3.5755,0,15.7357
2020-12-14 09:42:21.326453,21,05000,9,30.49,3.049,0.2734,2.6009,2.8728,3.0854,3.232725,3.4277,0,15.7357
2020-12-14 09:42:21.326453,22,05000,10,31.6376,3.1638,0.4337,2.4252,2.93695,3.1628499999999997,3.414625,3.9481,0,15.7357
2020-12-14 09:42:21.326453,23,05000,11,29.8523,2.9852,0.3491,2.116,2.8694750000000004,3.12595,3.2334750000000003,3.303,0,15.7357
2020-12-14 09:42:21.326453,24,05000,12,28.1033,2.8103,0.5189,1.9695,2.532125,2.80465,3.298225,3.5016,0,15.7357
2020-12-14 09:42:21.326453,25,05000,13,28.9464,2.8946,0.8584,1.2694,2.542525,3.3391,3.4939,3.7653,0,15.7357
2020-12-14 09:42:21.326453,26,08000,1,26.036,2.6036,0.5297,1.5588,2.3533999999999997,2.56805,2.8679249999999996,3.6726,0,20.5087
2020-12-14 09:42:21.326453,27,08000,2,32.6225,3.2623,0.3396,2.7585,3.1038,3.2319500000000003,3.3805249999999996,3.9601,0,20.5087
2020-12-14 09:42:21.326453,28,08000,3,33.6389,3.3639,0.5896,2.3171,2.945525,3.6160500000000004,3.726175,4.203,0,20.5087
2020-12-14 09:42:21.326453,29,08000,4,31.5832,3.1583,0.5725,2.1486,2.7777249999999998,3.2190000000000003,3.431825,4.0294,0,20.5087
2020-12-14 09:42:21.326453,30,08000,5,30.8366,3.0837,0.573,2.2493,2.5676,3.0174,3.61025,3.975,0,20.5087
2020-12-14 09:42:21.326453,31,08000,6,28.6939,2.8694,0.2316,2.4628,2.695125,2.89595,2.989775,3.3413,0,20.5087
2020-12-14 09:42:21.326453,32,08000,7,28.6614,2.8661,0.2353,2.4743,2.744775,2.8964499999999997,3.076075,3.1597,0,20.5087
2020-12-14 09:42:21.326453,33,08000,8,29.5261,2.9526,0.595,1.8344,2.5014499999999997,3.10025,3.4569,3.6182,0,20.5087
2020-12-14 09:42:21.326453,34,08000,9,28.2776,2.8278,0.3948,2.0477,2.620225,2.9354,3.1637,3.286,0,20.5087
2020-12-14 09:42:21.326453,35,08000,10,28.6979,2.8698,0.4756,1.7064,2.7206,2.91195,3.15875,3.4968,0,20.5087
2020-12-14 09:42:21.326453,36,08000,11,27.0123,2.7012,0.5408,1.749,2.399025,2.8000499999999997,3.0883749999999996,3.3777,0,20.5087
2020-12-14 09:42:21.326453,37,08000,12,25.1148,2.5115,0.6523,1.4078,1.9026750000000001,2.79505,3.05775,3.2101,0,20.5087
2020-12-14 09:42:21.326453,38,08000,13,25.6826,2.5683,0.8803,0.4693,2.455,2.7096,2.859575,4.0567,0,20.5087
2020-12-14 09:42:21.326453,39,13000,1,12.2524,1.2252,0.3529,0.8201,0.9099999999999999,1.19265,1.355275,1.9801,0,29.4833
2020-12-14 09:42:21.326453,40,13000,2,16.1766,1.6177,0.451,1.0367,1.269625,1.44625,1.968975,2.4602,0,29.4833
2020-12-14 09:42:21.326453,41,13000,3,15.0894,1.5089,0.2959,1.0987,1.292475,1.4874,1.6643,2.1426,0,29.4833
2020-12-14 09:42:21.326453,42,13000,4,13.7825,1.3782,0.3726,0.7899,1.039525,1.50545,1.692675,1.8632,0,29.4833
2020-12-14 09:42:21.326453,43,13000,5,13.7071,1.3707,0.3822,0.7577,1.04905,1.41455,1.681,1.9563,0,29.4833
2020-12-14 09:42:21.326453,44,13000,6,14.2,1.42,0.3507,0.8082,1.148425,1.5113,1.69135,1.9097,0,29.4833
2020-12-14 09:42:21.326453,45,13000,7,12.6594,1.2659,0.3006,0.8082,0.967,1.3982,1.4848249999999998,1.7038,0,29.4833
2020-12-14 09:42:21.326453,46,13000,8,16.4416,1.6442,0.5582,0.4546,1.5000749999999998,1.63525,2.105525,2.3681,0,29.4833
2020-12-14 09:42:21.326453,47,13000,9,13.1344,1.3134,0.2336,0.8587,1.2365499999999998,1.3331499999999998,1.48395,1.6213,0,29.4833
2020-12-14 09:42:21.326453,48,13000,10,14.248,1.4248,0.3726,0.7071,1.3531749999999998,1.4529,1.63255,1.9551,0,29.4833
2020-12-14 09:42:21.326453,49,13000,11,12.8137,1.2814,0.3301,0.6492,1.05805,1.33255,1.4045750000000001,1.9097,0,29.4833
2020-12-14 09:42:21.326453,50,13000,12,12.969,1.2969,0.4322,0.5493,1.1816,1.21305,1.6525500000000002,1.9341,0,29.4833
2020-12-14 09:42:21.326453,51,13000,13,13.4004,1.34,0.5182,0.4994,0.9032,1.3509,1.710025,2.3025,0,29.4833
2020-12-14 09:42:21.326453,52,15000,1,4.7839,0.4784,0.1877,0.2347,0.312,0.5074000000000001,0.611175,0.7856,0,41.0879
2020-12-14 09:42:21.326453,53,15000,2,7.0512,0.7051,0.2606,0.3134,0.6263,0.7034499999999999,0.7666999999999999,1.3261,0,41.0879
2020-12-14 09:42:21.326453,54,15000,3,8.4617,0.8462,0.24,0.5499,0.7039250000000001,0.78485,0.9249499999999999,1.4041,0,41.0879
2020-12-14 09:42:21.326453,55,15000,4,7.9102,0.791,0.298,0.3147,0.625875,0.7437499999999999,0.899025,1.4015,0,41.0879
2020-12-14 09:42:21.326453,56,15000,5,7.762,0.7762,0.2168,0.234,0.728375,0.78565,0.92375,1.0157,0,41.0879
2020-12-14 09:42:21.326453,57,15000,6,6.9758,0.6976,0.2638,0.1576,0.5098,0.8200000000000001,0.86175,1.0256,0,41.0879
2020-12-14 09:42:21.326453,58,15000,7,6.7347,0.6735,0.2786,0.3923,0.470575,0.5881000000000001,0.763575,1.2501,0,41.0879
2020-12-14 09:42:21.326453,59,15000,8,7.7497,0.775,0.3642,0.1576,0.6496,0.7850999999999999,0.915575,1.5601,0,41.0879
2020-12-14 09:42:21.326453,60,15000,9,7.0515,0.7052,0.1934,0.3907,0.5709,0.74285,0.783225,1.0921,0,41.0879
2020-12-14 09:42:21.326453,61,15000,10,7.9984,0.7998,0.3686,0.4727,0.57015,0.6659999999999999,0.900475,1.807,0,41.0879
2020-12-14 09:42:21.326453,62,15000,11,6.8176,0.6818,0.366,0.1576,0.41222499999999995,0.6245,0.9406749999999999,1.3301,0,41.0879
2020-12-14 09:42:21.326453,63,15000,12,7.1293,0.7129,0.1915,0.3928,0.62635,0.7066,0.839375,1.0901,0,41.0879
2020-12-14 09:42:21.326453,64,15000,13,6.503,0.6503,0.3165,0.1576,0.4676,0.54985,0.82565,1.1737,0,41.0879
2020-12-14 09:42:21.326453,65,17000,1,20.5679,2.0568,0.7742,0.8145,1.36955,2.2615499999999997,2.4182,3.5774,0,29.8229
2020-12-14 09:42:21.326453,66,17000,2,25.8263,2.5826,0.5334,1.629,2.31705,2.64405,2.9172000000000002,3.4278,0,29.8229
2020-12-14 09:42:21.326453,67,17000,3,23.6883,2.3688,0.4935,1.7274,1.93545,2.37075,2.687175,3.3204,0,29.8229
2020-12-14 09:42:21.326453,68,17000,4,24.2025,2.4203,0.5984,1.6194,1.978275,2.38295,2.6008250000000004,3.5495,0,29.8229
2020-12-14 09:42:21.326453,69,17000,5,22.2714,2.2271,0.537,1.2241,1.870075,2.17685,2.607525,3.0305,0,29.8229
2020-12-14 09:42:21.326453,70,17000,6,25.8201,2.582,0.6853,1.6322,2.140175,2.6238,2.81575,4.2343,0,29.8229
2020-12-14 09:42:21.326453,71,17000,7,21.2665,2.1266,0.5953,1.4058,1.71015,2.06665,2.20905,3.2389,0,29.8229
2020-12-14 09:42:21.326453,72,17000,8,23.4855,2.3486,0.5938,1.4282,1.921325,2.3345000000000002,2.6115250000000003,3.6366,0,29.8229
2020-12-14 09:42:21.326453,73,17000,9,25.0063,2.5006,0.6057,1.6322,2.054325,2.37635,2.981375,3.6222,0,29.8229
2020-12-14 09:42:21.326453,74,17000,10,22.182,2.2182,0.5452,1.5302,1.78495,2.0787500000000003,2.62355,3.3466,0,29.8229
2020-12-14 09:42:21.326453,75,17000,11,22.457,2.2457,0.9143,0.6121,1.65895,2.3190999999999997,2.495025,3.7376,0,29.8229
2020-12-14 09:42:21.326453,76,17000,12,20.1404,2.014,0.6249,0.9181,1.4715250000000002,2.2196,2.398975,2.9295,0,29.8229
2020-12-14 09:42:21.326453,77,17000,13,21.7461,2.1746,0.9158,0.5101,1.5287250000000001,2.32335,2.6941249999999997,3.7376,0,29.8229
2020-12-14 09:42:21.326453,78,18000,1,18.7322,2.0814,0.9144,0.441,1.8843,1.9587,2.6196,3.8771,1,54.9427
2020-12-14 09:42:21.326453,79,18000,2,28.1085,2.8108,1.6093,0.2234,1.4966,2.987,3.9526499999999998,5.5096,0,54.9427
2020-12-14 09:42:21.326453,80,18000,3,28.2639,2.8264,1.3725,1.1024,1.9309,2.5287,3.331825,5.7136,0,54.9427
2020-12-14 09:42:21.326453,81,18000,4,23.5818,2.3582,1.2897,0.441,1.402025,2.2685500000000003,3.1093,4.7768,0,54.9427
2020-12-14 09:42:21.326453,82,18000,5,22.5625,2.2562,1.1808,0.2234,1.283475,2.56515,3.02745,3.8286,0,54.9427
2020-12-14 09:42:21.326453,83,18000,6,25.8712,2.5871,0.9398,0.6701,1.963575,3.0374,3.2237,3.469,0,54.9427
2020-12-14 09:42:21.326453,84,18000,7,25.5119,2.5512,1.083,0.6614,2.3173,2.75415,3.1254,4.0295,0,54.9427
2020-12-14 09:42:21.326453,85,18000,8,23.409,2.9261,0.8034,1.4845,2.55805,3.0259,3.404875,4.2316,2,54.9427
2020-12-14 09:42:21.326453,86,18000,9,25.21,2.521,1.2686,0.2205,2.0406500000000003,2.97025,3.426275,3.8771,0,54.9427
2020-12-14 09:42:21.326453,87,18000,10,26.2852,2.6285,1.2137,0.4467,1.553325,2.87235,3.576775,4.0818,0,54.9427
2020-12-14 09:42:21.326453,88,18000,11,27.7989,2.7799,1.6677,0.441,1.3855,2.90565,4.0314,5.7719,0,54.9427
2020-12-14 09:42:21.326453,89,18000,12,24.6243,2.4624,1.362,0.2205,1.54995,2.65475,3.3869,4.6346,0,54.9427
2020-12-14 09:42:21.326453,90,18000,13,32.6499,3.6278,1.7707,0.2234,2.5874,3.6731,4.5115,6.2005,1,54.9427
2020-12-14 09:42:21.326453,91,19000,1,12.6107,1.2611,0.6072,0.5214,0.9021,1.02835,1.411525,2.48,0,27.511
2020-12-14 09:42:21.326453,92,19000,2,16.6884,1.6688,0.4789,1.2818,1.3507,1.47635,1.769425,2.8557,0,27.511
2020-12-14 09:42:21.326453,93,19000,3,17.2497,1.725,0.4709,0.9969,1.48425,1.6741,1.834225,2.7806,0,27.511
2020-12-14 09:42:21.326453,94,19000,4,15.2129,1.5213,0.3544,1.0877,1.2023000000000001,1.4533,1.812225,2.1228,0,27.511
2020-12-14 09:42:21.326453,95,19000,5,15.5754,1.5575,0.1811,1.2662,1.44945,1.54725,1.720475,1.8036,0,27.511
2020-12-14 09:42:21.326453,96,19000,6,15.8709,1.5871,0.3839,0.9683,1.328875,1.5477500000000002,1.912425,2.1794,0,27.511
2020-12-14 09:42:21.326453,97,19000,7,17.0611,1.7061,0.3607,1.2662,1.4402500000000003,1.61775,1.9278500000000003,2.3503,0,27.511
2020-12-14 09:42:21.326453,98,19000,8,15.5385,1.5539,0.3262,0.951,1.296775,1.63125,1.832025,2.0291,0,27.511
2020-12-14 09:42:21.326453,99,19000,9,16.3208,1.6321,0.4459,0.9886,1.36825,1.5808499999999999,2.058675,2.2678,0,27.511
2020-12-14 09:42:21.326453,100,19000,10,17.003,1.7003,0.2479,1.2004,1.565325,1.7025000000000001,1.8928749999999999,2.011,0,27.511
2020-12-14 09:42:21.326453,101,19000,11,15.0231,1.5023,0.356,0.7976,1.2994999999999999,1.4915500000000002,1.81145,2.011,0,27.511
2020-12-14 09:42:21.326453,102,19000,12,12.294,1.2294,0.4345,0.4509,0.9596499999999999,1.27095,1.5881750000000001,1.8853,0,27.511
2020-12-14 09:42:21.326453,103,19000,13,14.0877,1.4088,0.3081,0.8267,1.1479499999999998,1.52475,1.6021999999999998,1.862,0,27.511
2020-12-14 09:42:21.326453,104,20000,1,16.5735,1.6574,0.3841,1.0085,1.339925,1.6106500000000001,2.050475,2.1341,0,30.723
2020-12-14 09:42:21.326453,105,20000,2,25.2268,2.5227,0.5505,1.7145,2.0719000000000003,2.4707,2.9928999999999997,3.3707,0,30.723
2020-12-14 09:42:21.326453,106,20000,3,23.8382,2.3838,0.6793,1.574,1.7340499999999999,2.40795,3.002375,3.2655,0,30.723
2020-12-14 09:42:21.326453,107,20000,4,21.7802,2.178,0.4948,1.2789,1.8489499999999999,2.11955,2.663625,2.8478,0,30.723
2020-12-14 09:42:21.326453,108,20000,5,20.8563,2.0856,0.5204,1.3452,1.693325,2.0787,2.366775,3.0376,0,30.723
2020-12-14 09:42:21.326453,109,20000,6,22.4315,2.2432,0.7278,1.4486,1.7199749999999998,2.00795,2.52535,3.5961,0,30.723
2020-12-14 09:42:21.326453,110,20000,7,22.1117,2.2112,0.4565,1.574,1.9482000000000002,2.0663,2.2720000000000002,3.0619,0,30.723
2020-12-14 09:42:21.326453,111,20000,8,26.1865,2.6186,0.4335,1.9439,2.27925,2.7222,2.8413,3.2275,0,30.723
2020-12-14 09:42:21.326453,112,20000,9,24.4915,2.4492,0.6517,1.1951,2.152,2.47825,2.89065,3.6072,0,30.723
2020-12-14 09:42:21.326453,113,20000,10,23.4714,2.3471,0.7672,1.1094,1.6164500000000002,2.5958,2.8385249999999997,3.5259,0,30.723
2020-12-14 09:42:21.326453,114,20000,11,21.6111,2.1611,0.7481,1.0214,1.4879499999999999,2.33765,2.5968,3.5122,0,30.723
2020-12-14 09:42:21.326453,115,20000,12,19.8226,1.9823,0.7252,1.0214,1.324,1.9539,2.565525,3.0734,0,30.723
2020-12-14 09:42:21.326453,116,20000,13,21.2024,2.1202,0.9407,0.9193,1.29575,1.95525,2.8833,3.5659,0,30.723
2020-12-14 09:42:21.326453,117,25000,1,8.967,0.8967,0.2548,0.391,0.752575,0.909,1.08275,1.2712,0,24.0943
2020-12-14 09:42:21.326453,118,25000,2,10.9932,1.0993,0.2245,0.8819,0.925825,1.0472000000000001,1.1856750000000003,1.676,0,24.0943
2020-12-14 09:42:21.326453,119,25000,3,11.1659,1.1166,0.2607,0.5248,1.0159,1.1193,1.2519,1.4977,0,24.0943
2020-12-14 09:42:21.326453,120,25000,4,11.0066,1.1007,0.238,0.6247,0.9179249999999999,1.1635,1.31935,1.3726,0,24.0943
2020-12-14 09:42:21.326453,121,25000,5,10.7426,1.0743,0.2201,0.6863,0.948825,1.0944,1.184,1.4408,0,24.0943
2020-12-14 09:42:21.326453,122,25000,6,12.8579,1.2858,0.2148,1.0166,1.121275,1.2778999999999998,1.367125,1.6516,0,24.0943
2020-12-14 09:42:21.326453,123,25000,7,11.1896,1.119,0.1994,0.8336,0.934725,1.16825,1.2265000000000001,1.4698,0,24.0943
2020-12-14 09:42:21.326453,124,25000,8,11.1732,1.1173,0.2171,0.8209,0.9890749999999999,1.06145,1.2257,1.6165,0,24.0943
2020-12-14 09:42:21.326453,125,25000,9,12.0564,1.2056,0.2841,0.7429,0.9711,1.2205,1.4588249999999998,1.5671,0,24.0943
2020-12-14 09:42:21.326453,126,25000,10,12.5891,1.2589,0.2043,0.9237,1.116825,1.2598,1.4257499999999999,1.5814,0,24.0943
2020-12-14 09:42:21.326453,127,25000,11,10.6482,1.0648,0.2639,0.6928,0.838825,1.0706,1.256525,1.5433,0,24.0943
2020-12-14 09:42:21.326453,128,25000,12,10.3013,1.0301,0.2967,0.3973,0.9539749999999999,1.1316000000000002,1.2081499999999998,1.4467,0,24.0943
2020-12-14 09:42:21.326453,129,25000,13,10.7883,1.0788,0.3345,0.437,0.8597250000000001,1.0806,1.2980749999999999,1.5814,0,24.0943
2020-12-14 09:42:21.326453,130,27000,1,27.6708,2.7671,1.3544,1.4417,1.7513500000000002,2.56055,2.762525,5.4602,0,32.4607
2020-12-14 09:42:21.326453,131,27000,2,41.8981,4.1898,1.3646,2.4957,3.20465,3.8058,5.319224999999999,6.5263,0,32.4607
2020-12-14 09:42:21.326453,132,27000,3,44.446,4.4446,0.8577,3.1058,3.6340500000000002,4.604749999999999,5.123875,5.6854,0,32.4607
2020-12-14 09:42:21.326453,133,27000,4,39.8005,3.98,0.986,2.5235,3.047025,4.2532499999999995,4.882725000000001,5.0402,0,32.4607
2020-12-14 09:42:21.326453,134,27000,5,44.9248,4.4925,1.0911,2.5235,3.754625,4.7994,5.14935,6.1184,0,32.4607
2020-12-14 09:42:21.326453,135,27000,6,41.0,4.1,1.2334,1.8718,3.2753750000000004,4.172549999999999,4.985125,5.9401,0,32.4607
2020-12-14 09:42:21.326453,136,27000,7,40.864,4.0864,1.3262,2.3526,3.339775,3.82735,4.3575,6.5263,0,32.4607
2020-12-14 09:42:21.326453,137,27000,8,43.4313,4.3431,1.0209,2.5486,3.8267999999999995,4.41845,4.707725,6.6644,0,32.4607
2020-12-14 09:42:21.326453,138,27000,9,43.9352,4.3935,1.1805,3.2631,3.467425,4.05425,4.691275,6.9989,0,32.4607
2020-12-14 09:42:21.326453,139,27000,10,37.4853,3.7485,0.7436,1.8718,3.539575,3.87905,4.1686499999999995,4.752,0,32.4607
2020-12-14 09:42:21.326453,140,27000,11,33.7455,3.3746,0.9318,2.0798,2.57515,3.32935,4.077775,4.9429,0,32.4607
2020-12-14 09:42:21.326453,141,27000,12,33.2036,3.3204,0.8941,1.8718,2.6613249999999997,3.3166,3.761875,5.3026,0,32.4607
2020-12-14 09:42:21.326453,142,27000,13,30.8262,3.0826,1.4718,0.6239,2.15165,3.0556,4.093125000000001,5.5608,0,32.4607
2020-12-14 09:42:21.326453,143,41000,1,18.5049,1.8505,0.454,0.8993,1.589925,1.91365,2.054125,2.6773,0,22.4059
2020-12-14 09:42:21.326453,144,41000,2,24.8592,2.4859,0.4802,1.7965,2.205975,2.27975,2.79355,3.3709,0,22.4059
2020-12-14 09:42:21.326453,145,41000,3,23.0122,2.3012,0.4944,1.3848,2.041125,2.2826500000000003,2.656025,3.1887,0,22.4059
2020-12-14 09:42:21.326453,146,41000,4,21.5024,2.1502,0.5011,1.1078,1.973625,2.3259,2.571,2.6205,0,22.4059
2020-12-14 09:42:21.326453,147,41000,5,23.2873,2.3287,0.3031,1.8464,2.1999999999999997,2.28195,2.482025,2.8777,0,22.4059
2020-12-14 09:42:21.326453,148,41000,6,23.8764,2.3876,0.5718,1.3848,2.1423,2.41175,2.63985,3.4626,0,22.4059
2020-12-14 09:42:21.326453,149,41000,7,22.0401,2.204,0.4034,1.6617,1.841975,2.1575499999999996,2.4442000000000004,2.8899,0,22.4059
2020-12-14 09:42:21.326453,150,41000,8,25.032,2.5032,0.431,1.6906,2.2494249999999996,2.41185,2.74415,3.2374,0,22.4059
2020-12-14 09:42:21.326453,151,41000,9,25.5281,2.5528,0.4186,1.8991,2.2293250000000002,2.5934999999999997,2.8567,3.2798,0,22.4059
2020-12-14 09:42:21.326453,152,41000,10,21.9198,2.192,0.5737,1.2531,1.825675,2.13995,2.4827,3.1475,0,22.4059
2020-12-14 09:42:21.326453,153,41000,11,22.0451,2.2045,0.3503,1.6617,2.04765,2.2333499999999997,2.373325,2.8576,0,22.4059
2020-12-14 09:42:21.326453,154,41000,12,20.6801,2.068,0.4567,1.2001,1.823675,2.03425,2.4495250000000004,2.7878,0,22.4059
2020-12-14 09:42:21.326453,155,41000,13,22.4854,2.2485,0.6123,1.2925,1.93295,2.28275,2.5235000000000003,3.2374,0,22.4059
2020-12-14 09:42:21.326453,156,44000,1,19.2977,1.9298,0.8683,0.343,1.7023749999999997,1.80355,2.100175,4.0308,0,39.7558
2020-12-14 09:42:21.326453,157,44000,2,26.125,2.6125,0.8119,1.6235,1.9684000000000001,2.3848000000000003,3.146825,4.153,0,39.7558
2020-12-14 09:42:21.326453,158,44000,3,27.1263,2.7126,0.9145,1.6009,2.006675,2.549,3.2363999999999997,4.6415,0,39.7558
2020-12-14 09:42:21.326453,159,44000,4,26.1781,2.6178,1.115,1.6009,1.9507249999999998,2.2565999999999997,2.682125,5.6187,0,39.7558
2020-12-14 09:42:21.326453,160,44000,5,25.0407,2.5041,0.6359,1.6235,1.98185,2.32815,2.817,3.557,0,39.7558
2020-12-14 09:42:21.326453,161,44000,6,28.0465,2.8046,1.1151,1.6705,2.141325,2.5381,2.9671499999999997,5.863,0,39.7558
2020-12-14 09:42:21.326453,162,44000,7,22.4887,2.2489,0.5241,1.2529,1.8664,2.3659499999999998,2.561025,3.1861,0,39.7558
2020-12-14 09:42:21.326453,163,44000,8,24.872,2.4872,0.827,1.4174,1.8607749999999998,2.2095,3.1635999999999997,3.8454,0,39.7558
2020-12-14 09:42:21.326453,164,44000,9,23.5766,2.3577,0.7468,1.3821,1.6708999999999998,2.2637,2.901625,3.7484,0,39.7558
2020-12-14 09:42:21.326453,165,44000,10,20.6085,2.0608,0.6831,1.3298,1.5816000000000001,1.8028,2.398225,3.7484,0,39.7558
2020-12-14 09:42:21.326453,166,44000,11,21.9636,2.1964,0.7582,0.9449,1.8396249999999998,2.1204,2.528575,3.561,0,39.7558
2020-12-14 09:42:21.326453,167,44000,12,16.3471,1.6347,0.8154,0.4725,0.96315,1.5878,1.926675,3.159,0,39.7558
2020-12-14 09:42:21.326453,168,44000,13,21.5452,2.1545,1.2056,0.2362,1.19375,2.0554,3.00775,4.1165,0,39.7558
2020-12-14 09:42:21.326453,169,47000,1,11.6942,1.1694,0.5182,0.4903,0.7396,1.1102,1.588475,2.1008,0,37.9525
2020-12-14 09:42:21.326453,170,47000,2,18.2857,1.8286,0.5807,0.6537,1.5876000000000001,1.9374,2.0754,2.972,0,37.9525
2020-12-14 09:42:21.326453,171,47000,3,16.7478,1.6748,0.6763,0.4903,1.1977499999999999,1.6472000000000002,1.9954,2.751,0,37.9525
2020-12-14 09:42:21.326453,172,47000,4,15.7683,1.5768,0.3668,1.032,1.2359499999999999,1.5954000000000002,1.8498999999999999,2.2447,0,37.9525
2020-12-14 09:42:21.326453,173,47000,5,15.0046,1.5005,0.4213,0.9713,1.19355,1.35395,1.7695,2.2447,0,37.9525
2020-12-14 09:42:21.326453,174,47000,6,16.3665,1.6366,0.6394,0.7423,1.149325,1.40725,2.121375,2.9263,0,37.9525
2020-12-14 09:42:21.326453,175,47000,7,15.3394,1.5339,0.4963,0.5773,1.2989000000000002,1.4884,1.8800000000000001,2.3342,0,37.9525
2020-12-14 09:42:21.326453,176,47000,8,15.7217,1.5722,0.5567,0.8904,1.1852,1.37765,1.765025,2.751,0,37.9525
2020-12-14 09:42:21.326453,177,47000,9,16.6976,1.6698,0.5647,0.8324,1.39175,1.5628,2.0497,2.6724,0,37.9525
2020-12-14 09:42:21.326453,178,47000,10,16.2681,1.6268,0.6437,0.5773,1.141225,1.8515000000000001,2.0085,2.7434,0,37.9525
2020-12-14 09:42:21.326453,179,47000,11,15.3298,1.533,0.695,0.4162,0.928125,1.6611500000000001,2.13315,2.4283,0,37.9525
2020-12-14 09:42:21.326453,180,47000,12,13.5242,1.3524,0.4898,0.4124,1.39925,1.53905,1.56715,1.9452,0,37.9525
2020-12-14 09:42:21.326453,181,47000,13,18.4109,1.8411,0.6955,0.7423,1.331525,1.8515000000000001,2.2273750000000003,2.9082,0,37.9525
2020-12-14 09:42:21.326453,182,50000,1,26.5104,2.651,0.6275,1.4337,2.500325,2.7550499999999998,2.9204,3.7893,0,25.0077
2020-12-14 09:42:21.326453,183,50000,2,37.3373,3.7337,0.8277,2.2707,3.334825,3.79575,4.16405,5.0973,0,25.0077
2020-12-14 09:42:21.326453,184,50000,3,39.4776,3.9478,0.9809,2.3628,3.262,4.1324000000000005,4.77275,5.3021,0,25.0077
2020-12-14 09:42:21.326453,185,50000,4,34.0196,3.402,0.7933,2.3477,2.795025,3.1927,3.858275,4.9263,0,25.0077
2020-12-14 09:42:21.326453,186,50000,5,36.3111,3.6311,0.3413,3.1813,3.329525,3.63865,3.805825,4.2871,0,25.0077
2020-12-14 09:42:21.326453,187,50000,6,35.3803,3.538,0.7267,1.9851,3.2176,3.6939,4.1406,4.3468,0,25.0077
2020-12-14 09:42:21.326453,188,50000,7,32.3489,3.2349,0.4108,2.3329,3.14015,3.2295,3.3470749999999994,3.8788,0,25.0077
2020-12-14 09:42:21.326453,189,50000,8,34.5715,3.4572,0.4989,2.641,3.13555,3.48075,3.7628000000000004,4.3278,0,25.0077
2020-12-14 09:42:21.326453,190,50000,9,37.7386,3.7739,0.6196,2.9692,3.344275,3.7328,3.93745,5.1195,0,25.0077
2020-12-14 09:42:21.326453,191,50000,10,36.4155,3.6415,0.9631,1.8003,3.276525,3.51635,4.332725,5.41,0,25.0077
2020-12-14 09:42:21.326453,192,50000,11,38.2412,3.8241,0.8861,1.9128,3.594475,3.9611,4.2585999999999995,5.41,0,25.0077
2020-12-14 09:42:21.326453,193,50000,12,30.4612,3.0461,0.9566,0.5626,2.819225,3.30865,3.538725,4.2871,0,25.0077
2020-12-14 09:42:21.326453,194,50000,13,36.148,3.6148,1.3107,0.9001,3.0507,4.0593,4.341375,5.5102,0,25.0077
2020-12-14 09:42:21.326453,195,52000,1,5.7389,0.5739,0.2679,0.2322,0.309125,0.5529,0.8200500000000001,1.0192,0,31.1478
2020-12-14 09:42:21.326453,196,52000,2,8.593,0.8593,0.2408,0.5463,0.7150500000000001,0.8362499999999999,0.958425,1.4457,0,31.1478
2020-12-14 09:42:21.326453,197,52000,3,8.5772,0.8577,0.1803,0.6555,0.735525,0.79775,0.930825,1.2712,0,31.1478
2020-12-14 09:42:21.326453,198,52000,4,8.3426,0.8343,0.3036,0.5288,0.598175,0.7079,1.0407250000000001,1.4457,0,31.1478
2020-12-14 09:42:21.326453,199,52000,5,7.9299,0.793,0.2156,0.4916,0.646525,0.7503,0.8427,1.2039,0,31.1478
2020-12-14 09:42:21.326453,200,52000,6,8.0641,0.8064,0.2541,0.4701,0.611775,0.7876000000000001,0.949825,1.3684,0,31.1478
2020-12-14 09:42:21.326453,201,52000,7,7.7722,0.7772,0.2028,0.5034,0.604275,0.7556,0.949825,1.0925,0,31.1478
2020-12-14 09:42:21.326453,202,52000,8,7.2703,0.727,0.1732,0.4586,0.6210749999999999,0.6590499999999999,0.84725,1.0577,0,31.1478
2020-12-14 09:42:21.326453,203,52000,9,7.3057,0.7306,0.2782,0.3824,0.5144000000000001,0.6952,0.833775,1.3186,0,31.1478
2020-12-14 09:42:21.326453,204,52000,10,8.1306,0.8131,0.1734,0.5223,0.714175,0.8258,0.879075,1.1588,0,31.1478
2020-12-14 09:42:21.326453,205,52000,11,7.754,0.7754,0.2321,0.4586,0.608425,0.7295,0.873,1.2018,0,31.1478
2020-12-14 09:42:21.326453,206,52000,12,8.1762,0.8176,0.1618,0.6306,0.666825,0.81595,0.884725,1.1054,0,31.1478
2020-12-14 09:42:21.326453,207,52000,13,6.6333,0.6633,0.2176,0.3012,0.54985,0.6672,0.791175,1.0114,0,31.1478
2020-12-14 09:42:21.326453,208,54000,1,22.5203,2.252,0.667,1.3629,1.870625,1.9543,2.600575,3.4673,0,23.1559
2020-12-14 09:42:21.326453,209,54000,2,24.9986,2.4999,0.5108,1.6804,2.1769000000000003,2.5056000000000003,2.91075,3.3503,0,23.1559
2020-12-14 09:42:21.326453,210,54000,3,27.0542,2.7054,0.4336,1.8492,2.5537,2.7291999999999996,2.972175,3.3633,0,23.1559
2020-12-14 09:42:21.326453,211,54000,4,25.5681,2.5568,0.496,1.541,2.305675,2.6249000000000002,2.8891750000000003,3.378,0,23.1559
2020-12-14 09:42:21.326453,212,54000,5,30.1787,3.0179,0.5216,2.12,2.7581249999999997,2.9107,3.362675,4.0248,0,23.1559
2020-12-14 09:42:21.326453,213,54000,6,26.3605,2.636,0.4393,1.8929,2.329225,2.7499000000000002,2.845,3.4526,0,23.1559
2020-12-14 09:42:21.326453,214,54000,7,26.2671,2.6267,0.315,2.0265,2.389675,2.7761,2.8565499999999995,3.0652,0,23.1559
2020-12-14 09:42:21.326453,215,54000,8,23.1209,2.3121,0.3597,1.7722,2.08435,2.2673,2.47895,2.9939,0,23.1559
2020-12-14 09:42:21.326453,216,54000,9,25.4455,2.5446,0.6497,1.2985,2.14175,2.5159,3.1697,3.3633,0,23.1559
2020-12-14 09:42:21.326453,217,54000,10,25.4308,2.5431,0.5554,1.8764,2.128175,2.3497,2.9528499999999998,3.4928,0,23.1559
2020-12-14 09:42:21.326453,218,54000,11,25.3282,2.5328,0.6416,1.2328,2.0768999999999997,2.7662500000000003,2.89365,3.4928,0,23.1559
2020-12-14 09:42:21.326453,219,54000,12,21.057,2.1057,0.611,0.9166,1.827925,1.9993500000000002,2.630475,2.9505,0,23.1559
2020-12-14 09:42:21.326453,220,54000,13,25.4868,2.5487,0.7169,1.2221,2.14175,2.6580000000000004,2.7044,3.7692,0,23.1559
2020-12-14 09:42:21.326453,221,63000,1,26.9277,2.6928,1.4031,1.2314,1.6981000000000002,2.4414,3.026525,6.368,0,29.7085
2020-12-14 09:42:21.326453,222,63000,2,39.0357,3.9036,0.7425,2.5048,3.7068000000000003,4.0473,4.516900000000001,4.6694,0,29.7085
2020-12-14 09:42:21.326453,223,63000,3,36.1972,3.6197,1.1067,2.3259,2.6794000000000002,3.2114000000000003,4.4639500000000005,5.6088,0,29.7085
2020-12-14 09:42:21.326453,224,63000,4,30.9645,3.0964,1.0036,1.935,2.252175,2.91005,3.5467000000000004,4.8851,0,29.7085
2020-12-14 09:42:21.326453,225,63000,5,34.8758,3.4876,1.022,2.4627,2.747775,3.1685,3.7242,5.6402,0,29.7085
2020-12-14 09:42:21.326453,226,63000,6,38.0313,3.8031,0.9349,2.3259,3.353025,3.7467,4.012925,6.1516,0,29.7085
2020-12-14 09:42:21.326453,227,63000,7,32.6078,3.2608,1.0818,1.9023,2.5419,3.0873999999999997,3.6614999999999998,5.8222,0,29.7085
2020-12-14 09:42:21.326453,228,63000,8,32.8603,3.286,0.622,2.2482,2.8506499999999995,3.1060499999999998,3.731,4.3423,0,29.7085
2020-12-14 09:42:21.326453,229,63000,9,32.4634,3.2463,0.6664,2.3389,2.606375,3.24445,3.688875,4.2698,0,29.7085
2020-12-14 09:42:21.326453,230,63000,10,35.8421,3.5842,0.6458,2.1469,3.282825,3.6628,3.9198250000000003,4.7305,0,29.7085
2020-12-14 09:42:21.326453,231,63000,11,28.6001,2.86,0.5018,2.0871,2.5398,2.7828,3.0543250000000004,3.7361,0,29.7085
2020-12-14 09:42:21.326453,232,63000,12,26.715,2.6715,0.6534,1.6193,2.1883749999999997,2.7083500000000003,3.2341249999999997,3.4983,0,29.7085
2020-12-14 09:42:21.326453,233,63000,13,32.6336,3.2634,0.9033,1.4153,2.6723250000000003,3.33305,3.9016249999999997,4.5737,0,29.7085
2020-12-14 09:42:21.326453,234,66000,1,31.6251,3.1625,0.7216,2.3766,2.6635999999999997,2.9647,3.36645,4.8054,0,24.4062
2020-12-14 09:42:21.326453,235,66000,2,47.543,4.7543,1.0293,2.8206,4.554,4.8727,5.527075,5.961,0,24.4062
2020-12-14 09:42:21.326453,236,66000,3,40.8788,4.0879,0.8578,2.2568,3.5225750000000002,4.350350000000001,4.707425,5.1665,0,24.4062
2020-12-14 09:42:21.326453,237,66000,4,47.5518,4.7552,0.7741,3.3804,4.1167,4.9381,5.3047249999999995,6.0964,0,24.4062
2020-12-14 09:42:21.326453,238,66000,5,43.9037,4.3904,0.6305,3.3804,3.95505,4.3318,4.76525,5.5367,0,24.4062
2020-12-14 09:42:21.326453,239,66000,6,46.4898,4.649,1.2081,2.0301,3.914625,4.6368,5.738775,6.1297,0,24.4062
2020-12-14 09:42:21.326453,240,66000,7,42.2551,4.2255,0.6781,3.2054,3.63485,4.2174,4.81335,5.2233,0,24.4062
2020-12-14 09:42:21.326453,241,66000,8,44.2737,4.4274,0.8268,3.3804,3.6830249999999998,4.337899999999999,4.916725,5.9546,0,24.4062
2020-12-14 09:42:21.326453,242,66000,9,42.1704,4.217,0.6118,3.3804,3.766825,4.2089,4.7866,5.036,0,24.4062
2020-12-14 09:42:21.326453,243,66000,10,44.9964,4.4996,1.1127,2.8105,3.777125,4.5291999999999994,5.1758999999999995,6.4769,0,24.4062
2020-12-14 09:42:21.326453,244,66000,11,39.3443,3.9344,0.9453,2.4862,3.3532,4.09315,4.45355,5.6412,0,24.4062
2020-12-14 09:42:21.326453,245,66000,12,30.5781,3.0578,0.7292,1.8269,2.6097,3.13325,3.7052,4.0742,0,24.4062
2020-12-14 09:42:21.326453,246,66000,13,42.6633,4.2663,1.0762,2.4717,3.239425,4.47945,5.154575,5.5561,0,24.4062
2020-12-14 09:42:21.326453,247,68000,1,18.4305,1.8431,0.6493,0.8288,1.28845,1.8019500000000002,2.4173,2.8209,0,21.9835
2020-12-14 09:42:21.326453,248,68000,2,24.0291,2.4029,0.391,1.7409,2.144725,2.2990500000000003,2.629075,3.0466,0,21.9835
2020-12-14 09:42:21.326453,249,68000,3,22.5406,2.2541,0.3908,1.4922,2.07305,2.30315,2.5202999999999998,2.8218,0,21.9835
2020-12-14 09:42:21.326453,250,68000,4,23.436,2.3436,0.2648,1.9108,2.2251499999999997,2.40695,2.471725,2.8833,0,21.9835
2020-12-14 09:42:21.326453,251,68000,5,20.6565,2.0657,0.3441,1.5189,1.8825249999999998,2.0326,2.212975,2.8696,0,21.9835
2020-12-14 09:42:21.326453,252,68000,6,23.5376,2.3538,0.3616,1.8311,2.186925,2.3339499999999997,2.54155,3.1236,0,21.9835
2020-12-14 09:42:21.326453,253,68000,7,21.5783,2.1578,0.4042,1.3164,2.046575,2.13835,2.37895,2.7872,0,21.9835
2020-12-14 09:42:21.326453,254,68000,8,22.4875,2.2488,0.3928,1.6415,2.073575,2.2101,2.4324500000000002,3.0942,0,21.9835
2020-12-14 09:42:21.326453,255,68000,9,22.364,2.2364,0.3947,1.5341,1.90685,2.40165,2.513925,2.6911,0,21.9835
2020-12-14 09:42:21.326453,256,68000,10,22.7129,2.2713,0.43,1.5917,1.9771,2.3358,2.537925,2.9313,0,21.9835
2020-12-14 09:42:21.326453,257,68000,11,21.6211,2.1621,0.4582,1.2867,1.8773499999999999,2.1257,2.5802500000000004,2.814,0,21.9835
2020-12-14 09:42:21.326453,258,68000,12,20.125,2.0125,0.5399,1.2867,1.555175,2.11005,2.2783249999999997,3.061,0,21.9835
2020-12-14 09:42:21.326453,259,68000,13,20.5373,2.0537,0.7027,0.7918,1.400075,2.28615,2.646025,2.8218,0,21.9835
2020-12-14 09:42:21.326453,260,70000,1,6.1946,0.6195,0.3806,0.2258,0.45837500000000003,0.47675,0.7513750000000001,1.6037,0,48.4779
2020-12-14 09:42:21.326453,261,70000,2,8.4113,0.8411,0.3486,0.3701,0.6063000000000001,0.7081,1.071725,1.4676,0,48.4779
2020-12-14 09:42:21.326453,262,70000,3,7.9973,0.7997,0.2801,0.3558,0.6219,0.7189,1.08155,1.2215,0,48.4779
2020-12-14 09:42:21.326453,263,70000,4,6.1466,0.683,0.1626,0.3593,0.6774,0.7046,0.814,0.8635,1,48.4779
2020-12-14 09:42:21.326453,264,70000,5,7.6319,0.848,0.27,0.4561,0.6168,0.8384,0.9772,1.2667,1,48.4779
2020-12-14 09:42:21.326453,265,70000,6,6.4642,0.6464,0.2494,0.3489,0.46287500000000004,0.5432,0.8509249999999999,1.0262,0,48.4779
2020-12-14 09:42:21.326453,266,70000,7,5.3642,0.5364,0.3193,0.2349,0.35847500000000004,0.41764999999999997,0.5917,1.3547,0,48.4779
2020-12-14 09:42:21.326453,267,70000,8,7.53,0.753,0.2512,0.3558,0.6235999999999999,0.71875,0.8041250000000001,1.2418,0,48.4779
2020-12-14 09:42:21.326453,268,70000,9,7.9666,0.7967,0.3037,0.4838,0.5183,0.7451000000000001,0.924175,1.3955,0,48.4779
2020-12-14 09:42:21.326453,269,70000,10,7.207,0.7207,0.2271,0.4516,0.50965,0.6629499999999999,0.9136000000000001,1.0779,0,48.4779
2020-12-14 09:42:21.326453,270,70000,11,5.7278,0.5728,0.3481,0.1198,0.34465,0.48860000000000003,0.696,1.3547,0,48.4779
2020-12-14 09:42:21.326453,271,70000,12,5.7359,0.5736,0.237,0.2443,0.35675,0.53605,0.7800750000000001,0.9212,0,48.4779
2020-12-14 09:42:21.326453,272,70000,13,7.4987,0.8332,0.4533,0.2395,0.3701,0.6977,1.2667,1.4232,1,48.4779
2020-12-14 09:42:21.326453,273,73000,1,21.2747,2.1275,0.4609,1.4326,1.7037999999999998,2.15055,2.463075,2.9114,0,22.9758
2020-12-14 09:42:21.326453,274,73000,2,26.6011,2.6601,0.3527,2.2076,2.3686499999999997,2.63105,2.815125,3.4485,0,22.9758
2020-12-14 09:42:21.326453,275,73000,3,26.7219,2.6722,0.3851,1.8569,2.4751250000000002,2.72265,3.0147250000000003,3.1071,0,22.9758
2020-12-14 09:42:21.326453,276,73000,4,26.3631,2.6363,0.4242,1.7907,2.3888749999999996,2.6787,2.9091750000000003,3.3804,0,22.9758
2020-12-14 09:42:21.326453,277,73000,5,25.1774,2.5177,0.3818,1.9398,2.161375,2.6092500000000003,2.823475,2.9996,0,22.9758
2020-12-14 09:42:21.326453,278,73000,6,23.3807,2.3381,0.3306,1.8016,2.0852,2.38215,2.5936500000000002,2.8246,0,22.9758
2020-12-14 09:42:21.326453,279,73000,7,23.3656,2.3366,0.628,1.4413,1.9255250000000002,2.3052,2.5317999999999996,3.8838,0,22.9758
2020-12-14 09:42:21.326453,280,73000,8,25.5818,2.5582,0.5355,1.3651,2.3575749999999998,2.63855,2.864025,3.4601,0,22.9758
2020-12-14 09:42:21.326453,281,73000,9,27.007,2.7007,0.38,2.1619,2.272275,2.8763,3.0272750000000004,3.1607,0,22.9758
2020-12-14 09:42:21.326453,282,73000,10,25.3515,2.5352,0.6395,1.5806,1.9305249999999998,2.7224500000000003,3.042725,3.4281,0,22.9758
2020-12-14 09:42:21.326453,283,73000,11,21.0981,2.1098,0.3921,1.3692,1.9020000000000001,2.1276,2.3126,2.6834,0,22.9758
2020-12-14 09:42:21.326453,284,73000,12,20.2979,2.0298,0.6154,0.6466,1.733175,2.22745,2.428425,2.754,0,22.9758
2020-12-14 09:42:21.326453,285,73000,13,21.5172,2.1517,0.7759,0.7184,1.630725,2.2301,2.80435,3.1517,0,22.9758
2020-12-14 09:42:21.326453,286,76000,1,29.6856,2.9686,0.9496,1.9955,2.512375,2.673,3.0682,5.3845,0,17.6456
2020-12-14 09:42:21.326453,287,76000,2,37.9287,3.7929,0.2866,3.3195,3.531175,3.887,3.986275,4.2475,0,17.6456
2020-12-14 09:42:21.326453,288,76000,3,35.8913,3.5891,0.3333,3.1515,3.3627499999999997,3.5354,3.7459,4.3544,0,17.6456
2020-12-14 09:42:21.326453,289,76000,4,32.6943,3.2694,0.2679,2.768,3.064175,3.25765,3.537225,3.5985,0,17.6456
2020-12-14 09:42:21.326453,290,76000,5,34.0198,3.402,0.3764,2.6195,3.225925,3.5316,3.595725,3.9785,0,17.6456
2020-12-14 09:42:21.326453,291,76000,6,35.2997,3.53,0.3322,3.1714,3.2354499999999997,3.4372,3.72515,4.1796,0,17.6456
2020-12-14 09:42:21.326453,292,76000,7,32.9294,3.2929,0.3658,2.8318,2.9293750000000003,3.2935499999999998,3.63705,3.8194,0,17.6456
2020-12-14 09:42:21.326453,293,76000,8,34.5224,3.4522,0.4333,2.522,3.2098500000000003,3.4592,3.6774999999999998,4.1007,0,17.6456
2020-12-14 09:42:21.326453,294,76000,9,31.5575,3.1558,0.3317,2.5743,2.924925,3.09505,3.376425,3.6656,0,17.6456
2020-12-14 09:42:21.326453,295,76000,10,34.2183,3.4218,0.6024,2.7324,2.836225,3.35385,3.9215750000000003,4.3297,0,17.6456
2020-12-14 09:42:21.326453,296,76000,11,30.7066,3.0707,0.5208,2.3044,2.776375,2.99335,3.2626749999999998,4.1423,0,17.6456
2020-12-14 09:42:21.326453,297,76000,12,27.8878,2.7888,0.5385,1.5707,2.6784999999999997,2.79725,3.188275,3.5048,0,17.6456
2020-12-14 09:42:21.326453,298,76000,13,30.6109,3.0611,0.8261,1.4159,2.58965,3.05235,3.729075,4.1842,0,17.6456
2020-12-14 09:42:21.326453,299,81000,1,20.4912,2.0491,0.8393,1.4635,1.5685749999999998,1.87555,1.9219249999999999,4.4437,0,48.9137
2020-12-14 09:42:21.326453,300,81000,2,25.6083,2.5608,1.076,0.7982,1.6692749999999998,2.8178,3.5105,3.8982,0,48.9137
2020-12-14 09:42:21.326453,301,81000,3,28.7363,2.8736,1.2983,1.1194,2.0211499999999996,2.6087,3.5501500000000004,5.7815,0,48.9137
2020-12-14 09:42:21.326453,302,81000,4,31.5661,3.5073,1.8779,1.1082,1.9272,3.2928,4.9559,7.0898,1,48.9137
2020-12-14 09:42:21.326453,303,81000,5,32.6584,3.2658,1.6807,1.1695,1.80325,2.8125,4.798975,5.9104,0,48.9137
2020-12-14 09:42:21.326453,304,81000,6,30.3041,3.0304,1.5266,0.8079,2.06365,2.5033000000000003,4.261550000000001,5.8539,0,48.9137
2020-12-14 09:42:21.326453,305,81000,7,29.5497,2.955,0.9294,1.1831,2.2994,3.1681,3.66845,4.2398,0,48.9137
2020-12-14 09:42:21.326453,306,81000,8,35.9243,3.5924,1.4058,1.5964,2.454275,3.5898000000000003,4.13715,6.2372,0,48.9137
2020-12-14 09:42:21.326453,307,81000,9,29.3804,2.938,1.2759,1.2119,1.9778,2.6127000000000002,3.790875,5.7183,0,48.9137
2020-12-14 09:42:21.326453,308,81000,10,30.6083,3.0608,1.1838,1.5964,1.919025,2.9960500000000003,4.0672,5.1716,0,48.9137
2020-12-14 09:42:21.326453,309,81000,11,22.09,2.209,0.8412,0.8079,1.663725,2.0718,2.994275,3.431,0,48.9137
2020-12-14 09:42:21.326453,310,81000,12,28.6116,2.8612,1.3325,0.7982,2.285125,2.8125,3.566975,5.7183,0,48.9137
2020-12-14 09:42:21.326453,311,81000,13,24.3239,2.4324,1.2702,0.3991,1.5849000000000002,2.6812,3.6578500000000003,3.7709,0,48.9137
2020-12-14 09:42:21.326453,312,86000,1,18.4222,2.0469,0.9465,0.5934,1.6718,1.7381,1.9769,3.9442,1,39.3206
2020-12-14 09:42:21.326453,313,86000,2,25.1656,2.5166,1.1387,0.9002,1.7486,2.4019500000000003,3.463675,4.5999,0,39.3206
2020-12-14 09:42:21.326453,314,86000,3,27.3154,2.7315,0.7245,1.517,2.41865,2.6225,3.284325,3.8119,0,39.3206
2020-12-14 09:42:21.326453,315,86000,4,25.3845,2.5384,0.822,1.4834,2.15945,2.3030999999999997,2.9103499999999998,4.551,0,39.3206
2020-12-14 09:42:21.326453,316,86000,5,22.9491,2.2949,0.8211,1.2136,1.5231999999999999,2.1647999999999996,2.986825,3.7192,0,39.3206
2020-12-14 09:42:21.326453,317,86000,6,23.6025,2.3602,0.9981,1.1444,1.6001500000000002,2.20295,2.847775,4.551,0,39.3206
2020-12-14 09:42:21.326453,318,86000,7,20.9557,2.0956,0.896,0.6068,1.4211749999999999,2.10675,2.62295,3.901,0,39.3206
2020-12-14 09:42:21.326453,319,86000,8,21.9932,2.1993,0.9742,1.1296,1.1967500000000002,2.1885499999999998,2.950675,3.6222,0,39.3206
2020-12-14 09:42:21.326453,320,86000,9,23.3002,2.33,0.2075,1.9504,2.220675,2.35905,2.4467749999999997,2.6702,0,39.3206
2020-12-14 09:42:21.326453,321,86000,10,26.1751,2.6175,0.8819,1.3738,1.7242000000000002,2.76555,3.096125,4.0556,0,39.3206
2020-12-14 09:42:21.326453,322,86000,11,25.4364,2.5436,0.7415,1.4834,1.937475,2.5733499999999996,3.23165,3.5718,0,39.3206
2020-12-14 09:42:21.326453,323,86000,12,22.4052,2.2405,0.9433,0.8901,1.700025,1.9309500000000002,3.1481749999999997,3.6222,0,39.3206
2020-12-14 09:42:21.326453,324,86000,13,19.6653,1.9665,0.8478,1.1729,1.4876500000000001,1.5827499999999999,2.2744999999999997,4.1795,0,39.3206
2020-12-14 09:42:21.326453,325,23000,1,10.5717,1.0572,0.6021,0.6434,0.726525,0.863,1.032825,2.78,0,31.3555
2020-12-14 09:42:21.326453,326,23000,2,12.7601,1.276,0.4036,0.7943,0.9251,1.1949999999999998,1.4816,1.9587,0,31.3555
2020-12-14 09:42:21.326453,327,23000,3,12.7048,1.2705,0.1992,0.882,1.158125,1.2668,1.337275,1.6427,0,31.3555
2020-12-14 09:42:21.326453,328,23000,4,14.2937,1.4294,0.296,1.0096,1.1174,1.5126,1.69075,1.8323,0,31.3555
2020-12-14 09:42:21.326453,329,23000,5,12.4265,1.2426,0.2921,0.882,0.9652000000000001,1.2252999999999998,1.4808249999999998,1.7691,0,31.3555
2020-12-14 09:42:21.326453,330,23000,6,10.2565,1.0257,0.2292,0.735,0.8212999999999999,1.016,1.13665,1.4847,0,31.3555
2020-12-14 09:42:21.326453,331,23000,7,11.1322,1.1132,0.0994,0.9477,1.02575,1.13715,1.1685499999999998,1.2863,0,31.3555
2020-12-14 09:42:21.326453,332,23000,8,11.9854,1.1985,0.2078,0.6336,1.174375,1.2657500000000002,1.33805,1.3686,0,31.3555
2020-12-14 09:42:21.326453,333,23000,9,12.0374,1.2037,0.2318,0.8315,1.0879750000000001,1.1750500000000001,1.36765,1.6378,0,31.3555
2020-12-14 09:42:21.326453,334,23000,10,10.2213,1.0221,0.3073,0.5055,0.7559750000000001,1.0695999999999999,1.265975,1.4847,0,31.3555
2020-12-14 09:42:21.326453,335,23000,11,10.2648,1.0265,0.3742,0.4961,0.72025,0.94,1.2669499999999998,1.7223,0,31.3555
2020-12-14 09:42:21.326453,336,23000,12,8.8102,0.881,0.3167,0.2756,0.7101749999999999,0.8426,1.029925,1.5078,0,31.3555
2020-12-14 09:42:21.326453,337,23000,13,9.115,0.9115,0.3015,0.6336,0.699425,0.80145,0.9333,1.5925,0,31.3555
2020-12-14 09:42:21.326453,338,85000,1,22.9001,2.29,0.8392,0.592,1.7905,2.13245,3.07665,3.3784,0,41.7704
2020-12-14 09:42:21.326453,339,85000,2,29.8521,2.9852,0.8027,1.4799,2.4640000000000004,3.05945,3.441825,4.5302,0,41.7704
2020-12-14 09:42:21.326453,340,85000,3,27.4936,2.7494,0.7749,1.4799,2.32575,2.8236,3.3975750000000002,3.86,0,41.7704
2020-12-14 09:42:21.326453,341,85000,4,25.8562,2.5856,0.7904,1.4799,2.07745,2.5542499999999997,3.00485,3.9314,0,41.7704
2020-12-14 09:42:21.326453,342,85000,5,30.6439,3.0644,1.6045,0.8417,1.6819000000000002,3.05555,4.47095,5.5961,0,41.7704
2020-12-14 09:42:21.326453,343,85000,6,26.3991,2.6399,0.7307,0.9044,2.3644,2.69015,3.2386749999999997,3.4072,0,41.7704
2020-12-14 09:42:21.326453,344,85000,7,26.9497,2.695,1.0933,0.9044,2.390175,2.5473999999999997,3.0012749999999997,4.8784,0,41.7704
2020-12-14 09:42:21.326453,345,85000,8,26.1364,2.6136,1.1059,1.5356,1.938475,2.4688499999999998,2.688925,5.6915,0,41.7704
2020-12-14 09:42:21.326453,346,85000,9,25.1221,2.5122,1.0683,0.9044,2.0502,2.40465,3.0643,4.8784,0,41.7704
2020-12-14 09:42:21.326453,347,85000,10,23.033,2.3033,0.8978,1.2059,1.572525,2.09075,2.816275,3.9972,0,41.7704
2020-12-14 09:42:21.326453,348,85000,11,21.3371,2.1337,1.2075,0.6143,1.143225,1.8968,2.734025,4.6074,0,41.7704
2020-12-14 09:42:21.326453,349,85000,12,25.8683,2.5868,1.2403,0.9044,1.6901499999999998,2.44085,3.4316750000000003,5.1494,0,41.7704
2020-12-14 09:42:21.326453,350,85000,13,33.1441,3.3144,1.2744,1.1222,2.2676499999999997,3.2529500000000002,4.2482,5.3297,0,41.7704
2020-12-14 09:42:21.326453,351,88000,1,13.151,1.8787,0.6484,1.286,1.3248,1.3415,2.5730500000000003,2.7278,3,99.8965
2020-12-14 09:42:21.326453,352,88000,2,15.9988,2.6665,1.37,1.286,1.2998,2.63295,4.033075,4.0917,4,99.8965
2020-12-14 09:42:21.326453,353,88000,3,19.6238,2.453,1.3605,1.3082,1.3276,1.95165,2.95165,5.1441,2,99.8965
2020-12-14 09:42:21.326453,354,88000,4,10.5768,2.1154,0.6426,1.297,1.3639,2.572,2.6385,2.7054,5,99.8965
2020-12-14 09:42:21.326453,355,88000,5,20.8344,2.9763,1.7765,1.2649,1.2915,2.7278,3.9411,6.3765,3,99.8965
2020-12-14 09:42:21.326453,356,88000,6,17.2629,2.4661,1.3313,1.2753,1.3082,1.3639,3.9745500000000002,4.0582,3,99.8965
2020-12-14 09:42:21.326453,357,88000,7,9.1143,1.302,0.0268,1.2649,1.28065,1.297,1.3248,1.3415,3,99.8965
2020-12-14 09:42:21.326453,358,88000,8,11.7634,2.3527,0.5302,1.297,2.5506,2.572,2.6607,2.6831,5,99.8965
2020-12-14 09:42:21.326453,359,88000,9,9.169,1.8338,0.6313,1.297,1.3192,1.3415,2.5506,2.6607,5,99.8965
2020-12-14 09:42:21.326453,360,88000,10,13.0071,1.8582,0.62,1.297,1.3193000000000001,1.3527,2.54015,2.6385,3,99.8965
2020-12-14 09:42:21.326453,361,88000,11,15.7218,1.9652,0.9236,1.2649,1.283325,1.3527,2.64405,3.891,2,99.8965
2020-12-14 09:42:21.326453,362,88000,12,9.1357,3.0452,0.6691,2.5506,2.5723000000000003,2.594,3.29255,3.9911,7,99.8965
2020-12-14 09:42:21.326453,363,88000,13,10.5117,1.314,0.0353,1.2649,1.283325,1.3136999999999999,1.3443,1.3639,2,99.8965
2020-12-14 09:42:21.326453,364,91000,1,55.0858,5.5086,4.6768,1.2829,1.315325,5.05255,6.765225,16.6627,0,79.4868
2020-12-14 09:42:21.326453,365,91000,2,74.2992,7.4299,4.0276,2.5944,5.0739,5.921,10.041275,16.0985,0,79.4868
2020-12-14 09:42:21.326453,366,91000,3,65.0423,6.5042,3.6751,2.7451,5.1603,5.33605,7.0653500000000005,16.6627,0,79.4868
2020-12-14 09:42:21.326453,367,91000,4,116.6351,11.6635,9.5511,3.8057,6.450375,7.3716,12.283075,37.6193,0,79.4868
2020-12-14 09:42:21.326453,368,91000,5,115.9716,11.5972,11.4389,3.9794,5.1603,8.2022,10.582925,44.1054,0,79.4868
2020-12-14 09:42:21.326453,369,91000,6,115.5747,11.5575,6.7593,3.9348,5.365925,10.457550000000001,16.042050000000003,24.6472,0,79.4868
2020-12-14 09:42:21.326453,370,91000,7,74.5357,7.4536,3.1535,3.8057,5.088775,6.64855,9.553474999999999,13.8856,0,79.4868
2020-12-14 09:42:21.326453,371,91000,8,61.2089,6.1209,2.6374,2.5371,4.140625,6.0299499999999995,7.6379,10.7323,0,79.4868
2020-12-14 09:42:21.326453,372,91000,9,68.6644,6.8664,2.0741,4.1657,5.459300000000001,6.52345,6.82395,10.855,0,79.4868
2020-12-14 09:42:21.326453,373,91000,10,80.7367,8.0737,3.8108,2.7137,5.538425,6.67005,11.210175,15.2742,0,79.4868
2020-12-14 09:42:21.326453,374,91000,11,61.4517,6.1452,3.7894,1.3725,3.8165750000000003,5.3618500000000004,7.7402999999999995,15.3949,0,79.4868
2020-12-14 09:42:21.326453,375,91000,12,55.513,5.5513,4.3127,1.2829,1.68915,4.6479,6.5984,13.5687,0,79.4868
2020-12-14 09:42:21.326453,376,91000,13,41.952,4.6613,3.0754,1.3886,2.6232,3.7623,5.4275,11.675,1,79.4868
2020-12-14 09:42:21.326453,377,94000,1,15.1781,3.7945,1.3833,2.3377,2.4499750000000002,3.81115,5.1556999999999995,5.2181,6,109.6278
2020-12-14 09:42:21.326453,378,94000,2,16.9024,2.8171,0.805,2.3377,2.383175,2.4890999999999996,2.5987,4.6034,4,109.6278
2020-12-14 09:42:21.326453,379,94000,3,21.9448,3.6575,2.747,2.2658,2.35595,2.4688,2.58855,9.7946,4,109.6278
2020-12-14 09:42:21.326453,380,94000,4,16.871,4.2178,2.0015,2.2658,2.34695,3.79605,5.66685,7.0131,6,109.6278
2020-12-14 09:42:21.326453,381,94000,5,34.2161,4.888,2.6069,2.3017,2.5472,4.6754,6.3243,9.496,3,109.6278
2020-12-14 09:42:21.326453,382,94000,6,26.4659,3.7808,2.4875,2.2658,2.3562,2.5269,3.7324,9.496,3,109.6278
2020-12-14 09:42:21.326453,383,94000,7,33.5666,4.7952,1.6738,2.4874,3.6422499999999998,4.8214,5.92565,7.122,3,109.6278
2020-12-14 09:42:21.326453,384,94000,8,14.4063,2.8813,1.0134,2.2658,2.3017,2.374,2.5675,4.8973,5,109.6278
2020-12-14 09:42:21.326453,385,94000,9,33.3084,4.7583,3.2569,2.3377,2.4296499999999996,2.6091,5.9969,11.5085,3,109.6278
2020-12-14 09:42:21.326453,386,94000,10,21.3624,3.5604,2.463,2.3017,2.40235,2.50715,2.58855,9.0633,4,109.6278
2020-12-14 09:42:21.326453,387,94000,11,26.09,4.3483,1.6434,2.2658,2.9873,4.6394,4.8999500000000005,7.122,4,109.6278
2020-12-14 09:42:21.326453,388,94000,12,21.6857,3.6143,1.9527,2.2658,2.35595,2.4490499999999997,4.0744,7.5807,4,109.6278
2020-12-14 09:42:21.326453,389,94000,13,35.528,5.0754,2.2783,2.3377,2.5099,6.7975,7.01355,7.3459,3,109.6278
2020-12-14 09:42:21.326453,390,95000,1,15.2748,1.9094,0.8077,0.9133,1.5370249999999999,1.8021,2.069025,3.6017,2,64.9034
2020-12-14 09:42:21.326453,391,95000,2,29.7798,2.978,1.6557,0.8633,1.3720499999999998,2.7997,4.297775,5.9578,0,64.9034
2020-12-14 09:42:21.326453,392,95000,3,27.8095,2.7809,1.2883,0.9538,1.807275,2.39195,3.6306000000000003,5.18,0,64.9034
2020-12-14 09:42:21.326453,393,95000,4,15.2487,1.6943,0.6343,0.9004,0.968,1.7267,1.9076,2.6638,1,64.9034
2020-12-14 09:42:21.326453,394,95000,5,20.7294,2.9613,1.9855,0.9265,1.3279999999999998,1.936,4.540850000000001,6.1292,3,64.9034
2020-12-14 09:42:21.326453,395,95000,6,28.5888,3.1765,1.7117,0.8633,1.7022,2.7795,4.6999,5.8079,1,64.9034
2020-12-14 09:42:21.326453,396,95000,7,24.4768,2.4477,1.0594,0.9133,1.7573750000000001,1.8803,3.40625,4.2555,0,64.9034
2020-12-14 09:42:21.326453,397,95000,8,26.2902,2.629,1.1799,0.9133,1.771925,2.62725,3.70785,4.378,0,64.9034
2020-12-14 09:42:21.326453,398,95000,9,18.1967,1.8197,0.8299,0.8633,1.13055,1.76355,1.9289,3.706,0,64.9034
2020-12-14 09:42:21.326453,399,95000,10,20.8183,2.0818,0.8929,0.8879,1.132675,2.2304500000000003,2.790225,3.4534,0,64.9034
2020-12-14 09:42:21.326453,400,95000,11,23.3085,2.9136,1.2314,0.9004,2.391875,2.70315,3.5300249999999997,5.3276,2,64.9034
2020-12-14 09:42:21.326453,401,95000,12,34.055,3.4055,2.223,0.8879,1.9146999999999998,2.70495,3.6551,8.5111,0,64.9034
2020-12-14 09:42:21.326453,402,95000,13,27.8133,2.7813,1.3629,0.9265,1.7535500000000002,2.7418500000000003,3.6404000000000005,5.2536,0,64.9034
2020-12-14 09:42:21.326453,403,97000,1,14.0888,3.5222,1.128,2.3829,2.4015,3.494,4.6147,4.7179,6,110.9734
2020-12-14 09:42:21.326453,404,97000,2,28.0437,4.674,2.3824,2.2042,2.93225,4.6028,4.767799999999999,9.4357,4,110.9734
2020-12-14 09:42:21.326453,405,97000,3,32.136,4.5909,2.3503,2.3355,2.3833,4.4944,5.8182,8.9031,3,110.9734
2020-12-14 09:42:21.326453,406,97000,4,29.9844,4.2835,2.311,2.2042,2.2794499999999998,2.3829,6.8077,7.223,3,110.9734
2020-12-14 09:42:21.326453,407,97000,5,16.0688,4.0172,1.8722,2.2258,2.308075,3.5507,5.259825,6.7416,6,110.9734
2020-12-14 09:42:21.326453,408,97000,6,20.269,3.3782,1.6934,2.2042,2.25795,2.30145,3.98115,6.6774,4,110.9734
2020-12-14 09:42:21.326453,409,97000,7,25.229,4.2048,2.4366,2.2258,2.25795,3.45775,4.7307500000000005,9.0746,4,110.9734
2020-12-14 09:42:21.326453,410,97000,8,32.0171,4.0021,2.4792,2.2042,2.257975,2.31285,5.308925,8.9888,2,110.9734
2020-12-14 09:42:21.326453,411,97000,9,18.5977,3.7195,1.8596,2.2687,2.2902,2.3829,4.7179,6.938,5,110.9734
2020-12-14 09:42:21.326453,412,97000,10,23.0945,3.8491,1.7218,2.2258,2.34735,3.43865,4.662025,6.938,4,110.9734
2020-12-14 09:42:21.326453,413,97000,11,27.3209,4.5535,2.6864,2.2042,2.263575,3.425,6.1423749999999995,9.3421,4,110.9734
2020-12-14 09:42:21.326453,414,97000,12,22.6928,3.7821,1.6741,2.2042,2.263575,3.4465000000000003,4.648325000000001,6.6774,4,110.9734
2020-12-14 09:42:21.326453,415,97000,13,11.5216,2.8804,1.0082,2.2472,2.2794499999999998,2.3245500000000003,2.9255000000000004,4.6253,6,110.9734
2020-12-14 09:42:21.326453,416,99000,1,11.3185,2.8296,0.9206,1.4233,2.4399249999999997,2.96,3.3497000000000003,3.9752,6,92.7566
2020-12-14 09:42:21.326453,417,99000,2,24.5805,2.7312,1.3909,1.2637,1.3251,2.7136,4.3748,4.5954,1,92.7566
2020-12-14 09:42:21.326453,418,99000,3,16.4862,2.0608,0.6333,1.2941,1.46815,2.049,2.665975,2.8466,2,92.7566
2020-12-14 09:42:21.326453,419,99000,4,29.6384,3.7048,1.9486,1.2941,2.4088000000000003,2.9212,5.840425,6.3184,2,92.7566
2020-12-14 09:42:21.326453,420,99000,5,21.585,3.5975,1.8673,1.2637,1.771175,3.81415,5.060175,6.1273,4,92.7566
2020-12-14 09:42:21.326453,421,99000,6,17.1324,2.4475,1.0216,1.2637,1.42845,2.7136,3.065,4.1682,3,92.7566
2020-12-14 09:42:21.326453,422,99000,7,23.6318,2.954,1.3966,1.2941,1.46815,2.9939,3.9369499999999995,5.3003,2,92.7566
2020-12-14 09:42:21.326453,423,99000,8,20.7438,2.0744,0.8166,1.3251,1.4410749999999999,1.5512000000000001,2.682225,3.791,0,92.7566
2020-12-14 09:42:21.326453,424,99000,9,32.6106,4.0763,2.2181,1.4583,2.4181500000000002,3.4355,5.8245249999999995,7.853,2,92.7566
2020-12-14 09:42:21.326453,425,99000,10,33.4228,3.7136,3.7146,1.2637,1.4583,2.5881,3.1412,13.5682,1,92.7566
2020-12-14 09:42:21.326453,426,99000,11,28.5715,4.0816,2.4854,1.4944,2.58875,2.7788,4.848599999999999,9.4236,3,92.7566
2020-12-14 09:42:21.326453,427,99000,12,24.279,3.0349,1.4652,1.3251,2.2785,2.8127,3.204975,6.2824,2,92.7566
2020-12-14 09:42:21.326453,428,99000,13,27.0172,3.8596,2.0163,1.3568,2.0109,4.1682,5.422549999999999,6.6253,3,92.7566
2020-12-14 09:42:21.326453,429,05001,1,40.8334,4.0833,0.8046,3.1133,3.509075,3.85215,4.70555,5.5188,0,16.0361
2020-12-14 09:42:21.326453,430,05001,2,53.5908,5.3591,0.5817,4.5667,4.730125,5.56495,5.717274999999999,6.3293,0,16.0361
2020-12-14 09:42:21.326453,431,05001,3,57.7235,5.7724,0.5845,5.2845,5.4605,5.6149000000000004,5.774875,7.4315,0,16.0361
2020-12-14 09:42:21.326453,432,05001,4,51.2085,5.1208,0.5464,4.5449,4.768175,4.9333,5.1682,6.3759,0,16.0361
2020-12-14 09:42:21.326453,433,05001,5,49.275,4.9275,0.4708,4.0145,4.668225,5.09935,5.219250000000001,5.4615,0,16.0361
2020-12-14 09:42:21.326453,434,05001,6,51.9597,5.196,0.3589,4.3533,5.074725000000001,5.22475,5.429625000000001,5.6941,0,16.0361
2020-12-14 09:42:21.326453,435,05001,7,47.0637,4.7064,0.3944,3.9811,4.52105,4.6266,5.056500000000001,5.3203,0,16.0361
2020-12-14 09:42:21.326453,436,05001,8,53.4969,5.3497,0.5153,4.6521,4.944100000000001,5.3412500000000005,5.8370999999999995,6.0628,0,16.0361
2020-12-14 09:42:21.326453,437,05001,9,48.1905,4.819,0.5203,3.8863,4.407525,4.88805,5.1418,5.6481,0,16.0361
2020-12-14 09:42:21.326453,438,05001,10,50.864,5.0864,0.6828,4.3914,4.5392,4.9037500000000005,5.251575000000001,6.5146,0,16.0361
2020-12-14 09:42:21.326453,439,05001,11,48.3368,4.8337,0.7176,3.3358,4.338374999999999,5.0707,5.19385,5.884,0,16.0361
2020-12-14 09:42:21.326453,440,05001,12,46.395,4.6395,0.794,3.329,4.35325,4.6645,5.024775,5.9226,0,16.0361
2020-12-14 09:42:21.326453,441,05001,13,45.8579,4.5858,1.3279,1.5791,4.569375000000001,4.9818999999999996,5.541925,5.9399,0,16.0361
2020-12-14 09:42:21.326453,442,08001,1,34.3236,3.4324,0.7701,2.3604,2.91395,3.2503,3.863425,5.0563,0,24.4284
2020-12-14 09:42:21.326453,443,08001,2,44.2703,4.427,0.8287,3.4881,3.882575,4.147,4.598775,6.1625,0,24.4284
2020-12-14 09:42:21.326453,444,08001,3,43.0779,4.3078,0.6504,3.2478,3.937675,4.225300000000001,4.816375000000001,5.2513,0,24.4284
2020-12-14 09:42:21.326453,445,08001,4,37.0717,3.7072,0.6673,2.2485,3.384875,3.8174,4.159000000000001,4.6981,0,24.4284
2020-12-14 09:42:21.326453,446,08001,5,38.337,3.8337,1.0678,2.3452,2.936375,3.7321,4.6312750000000005,5.9833,0,24.4284
2020-12-14 09:42:21.326453,447,08001,6,37.4272,3.7427,0.4105,2.998,3.544925,3.8074000000000003,3.8935500000000003,4.3672,0,24.4284
2020-12-14 09:42:21.326453,448,08001,7,34.9098,3.491,0.5503,2.4262,3.0409,3.61975,3.9746750000000004,4.137,0,24.4284
2020-12-14 09:42:21.326453,449,08001,8,37.8928,3.7893,0.9891,1.9264,3.28815,3.96665,4.713675,4.8524,0,24.4284
2020-12-14 09:42:21.326453,450,08001,9,36.1907,3.6191,0.7111,2.6769,2.997925,3.67115,3.983925,5.0527,0,24.4284
2020-12-14 09:42:21.326453,451,08001,10,34.3061,3.4306,0.7034,1.8426,2.9573499999999995,3.819,3.99045,4.0851,0,24.4284
2020-12-14 09:42:21.326453,452,08001,11,33.3339,3.3334,0.7959,1.988,2.7540999999999998,3.7272,3.9343,4.3804,0,24.4284
2020-12-14 09:42:21.326453,453,08001,12,32.4835,3.2484,0.9837,1.4238,2.51185,3.1281499999999998,4.127225,4.5949,0,24.4284
2020-12-14 09:42:21.326453,454,08001,13,32.6126,3.2613,1.199,0.4188,2.802875,3.4425,3.81935,5.2289,0,24.4284
2020-12-14 09:42:21.326453,455,11001,1,8.4563,0.8456,0.1684,0.5864,0.7279749999999999,0.8320000000000001,0.996475,1.0713,0,16.2028
2020-12-14 09:42:21.326453,456,11001,2,10.9251,1.0925,0.0675,0.9653,1.045925,1.1093,1.123275,1.2086,0,16.2028
2020-12-14 09:42:21.326453,457,11001,3,11.1956,1.1196,0.1051,0.9374,1.044575,1.1496499999999998,1.214275,1.2438,0,16.2028
2020-12-14 09:42:21.326453,458,11001,4,11.1556,1.1156,0.1409,0.819,1.045575,1.1348,1.217975,1.2819,0,16.2028
2020-12-14 09:42:21.326453,459,11001,5,11.5519,1.1552,0.0912,1.0673,1.0864749999999999,1.133,1.173625,1.3784,0,16.2028
2020-12-14 09:42:21.326453,460,11001,6,11.05,1.105,0.0744,1.0158,1.0448,1.0826500000000001,1.177475,1.2128,0,16.2028
2020-12-14 09:42:21.326453,461,11001,7,10.8789,1.0879,0.1181,0.8321,1.0409750000000002,1.0972,1.18485,1.2197,0,16.2028
2020-12-14 09:42:21.326453,462,11001,8,9.877,0.9877,0.146,0.7949,0.894425,0.97075,1.0727250000000002,1.287,0,16.2028
2020-12-14 09:42:21.326453,463,11001,9,10.6537,1.0654,0.1298,0.924,0.9778249999999999,0.9964999999999999,1.14365,1.3042,0,16.2028
2020-12-14 09:42:21.326453,464,11001,10,11.0485,1.1049,0.1721,0.8284,1.003425,1.0660500000000002,1.1377000000000002,1.4424,0,16.2028
2020-12-14 09:42:21.326453,465,11001,11,10.3618,1.0362,0.1674,0.6963,0.907875,1.0966,1.1588,1.2155,0,16.2028
2020-12-14 09:42:21.326453,466,11001,12,9.7331,0.9733,0.1734,0.6294,0.9186500000000001,1.0024,1.098275,1.1755,0,16.2028
2020-12-14 09:42:21.326453,467,11001,13,10.0526,1.0053,0.2792,0.4553,0.7949999999999999,1.1261,1.229375,1.3079,0,16.2028
2020-12-14 09:42:21.326453,468,13001,1,17.4161,1.7416,0.6051,1.0465,1.1839,1.7366000000000001,1.9336,2.8946,0,34.2164
2020-12-14 09:42:21.326453,469,13001,2,23.3387,2.3339,0.6805,1.5328,1.994275,2.23205,2.5021500000000003,4.0398,0,34.2164
2020-12-14 09:42:21.326453,470,13001,3,21.5437,2.1544,0.6427,1.3604,1.49585,2.17235,2.6546250000000002,3.2192,0,34.2164
2020-12-14 09:42:21.326453,471,13001,4,20.4271,2.0427,0.6881,1.1375,1.322125,2.15665,2.57445,3.2192,0,34.2164
2020-12-14 09:42:21.326453,472,13001,5,19.2451,1.9245,0.5497,1.0465,1.558025,2.12005,2.3096750000000004,2.6259,0,34.2164
2020-12-14 09:42:21.326453,473,13001,6,20.4483,2.0448,0.5687,0.9531,1.64575,2.1481500000000002,2.3846,3.0241,0,34.2164
2020-12-14 09:42:21.326453,474,13001,7,18.0134,1.8013,0.5672,0.7239,1.407575,1.8571,2.1712,2.7016,0,34.2164
2020-12-14 09:42:21.326453,475,13001,8,22.984,2.2984,0.8766,0.6354,2.115275,2.42605,2.7851500000000002,3.6509,0,34.2164
2020-12-14 09:42:21.326453,476,13001,9,17.6855,1.7686,0.5317,0.8372,1.478425,1.96225,2.1346499999999997,2.396,0,34.2164
2020-12-14 09:42:21.326453,477,13001,10,20.5506,2.0551,0.5983,0.9418,1.660225,2.3209999999999997,2.4875000000000003,2.8951,0,34.2164
2020-12-14 09:42:21.326453,478,13001,11,18.1606,1.8161,0.4784,1.1649,1.4181,1.7990499999999998,2.21205,2.5364,0,34.2164
2020-12-14 09:42:21.326453,479,13001,12,17.9675,1.7968,0.655,0.7325,1.3659,1.7465000000000002,2.3282499999999997,2.8946,0,34.2164
2020-12-14 09:42:21.326453,480,13001,13,20.265,2.0265,0.8929,0.6279,1.507225,1.69645,2.7051,3.4735,0,34.2164
2020-12-14 09:42:21.326453,481,15001,1,3.2996,0.6599,0.222,0.5212,0.5411,0.5619,0.5729,1.1025,5,108.3691
2020-12-14 09:42:21.326453,482,15001,2,3.2461,0.8115,0.2695,0.5115,0.56625,0.7944,1.039675,1.1458,6,108.3691
2020-12-14 09:42:21.326453,483,15001,3,5.2583,0.6573,0.2071,0.4928,0.52855,0.55655,0.68075,1.023,2,108.3691
2020-12-14 09:42:21.326453,484,15001,4,2.1674,0.5418,0.0256,0.5022,0.5313749999999999,0.54615,0.5566249999999999,0.5729,6,108.3691
2020-12-14 09:42:21.326453,485,15001,5,6.9457,0.9922,0.4442,0.5115,0.5411,1.0423,1.31205,1.6856,3,108.3691
2020-12-14 09:42:21.326453,486,15001,6,3.6898,0.9225,0.237,0.531,0.8718750000000001,0.9949,1.0454750000000002,1.169,6,108.3691
2020-12-14 09:42:21.326453,487,15001,7,6.8471,0.9782,0.505,0.5115,0.54615,0.5729,1.4924,1.6856,3,108.3691
2020-12-14 09:42:21.326453,488,15001,8,5.1686,1.0337,0.4386,0.5512,0.5619,0.9855,1.5065,1.5635,5,108.3691
2020-12-14 09:42:21.326453,489,15001,9,4.7711,0.7952,0.276,0.5022,0.533525,0.7633000000000001,1.0281,1.169,4,108.3691
2020-12-14 09:42:21.326453,490,15001,10,3.7957,0.9489,0.231,0.5619,0.8796,1.044,1.1133250000000001,1.1458,6,108.3691
2020-12-14 09:42:21.326453,491,15001,11,4.3151,0.7192,0.2587,0.4928,0.5241,0.5731999999999999,0.94255,1.1025,4,108.3691
2020-12-14 09:42:21.326453,492,15001,12,4.1819,0.697,0.4144,0.4928,0.504525,0.51635,0.52855,1.6232,4,108.3691
2020-12-14 09:42:21.326453,493,15001,13,6.416,0.9166,0.5356,0.4928,0.54615,0.5729,1.0866500000000001,2.0847,3,108.3691
2020-12-14 09:42:21.326453,494,17001,1,16.9422,1.6942,0.6899,0.5107,1.08135,1.88335,2.030875,2.8312,0,40.0049
2020-12-14 09:42:21.326453,495,17001,2,23.0259,2.3026,0.7529,1.2669,1.8314750000000002,2.0549,3.006675,3.5606,0,40.0049
2020-12-14 09:42:21.326453,496,17001,3,21.5015,2.1502,0.4674,1.2766,1.828475,2.1455,2.4886000000000004,2.9988,0,40.0049
2020-12-14 09:42:21.326453,497,17001,4,21.0175,2.1018,0.6379,1.2623,1.57085,2.13825,2.4848250000000003,3.294,0,40.0049
2020-12-14 09:42:21.326453,498,17001,5,19.2116,1.9212,0.6702,0.5127,1.4969999999999999,2.14235,2.4465,2.7872,0,40.0049
2020-12-14 09:42:21.326453,499,17001,6,26.8176,2.6818,0.8058,1.2817,2.378675,2.8144,3.037825,4.262,0,40.0049
2020-12-14 09:42:21.326453,500,17001,7,19.7155,1.9716,0.6603,0.769,1.753775,1.9144,2.2068000000000003,3.5099,0,40.0049
2020-12-14 09:42:21.326453,501,17001,8,21.7296,2.173,0.8559,1.0295,1.51265,2.13245,2.6975000000000002,4.0253,0,40.0049
2020-12-14 09:42:21.326453,502,17001,9,22.0439,2.2044,0.7981,1.0028,1.7624000000000002,2.2723500000000003,2.304725,3.5606,0,40.0049
2020-12-14 09:42:21.326453,503,17001,10,20.4954,2.0495,0.7712,1.0098,1.3400249999999998,2.02815,2.627325,3.5474,0,40.0049
2020-12-14 09:42:21.326453,504,17001,11,23.4439,2.3444,1.3618,0.2563,1.332475,2.3975999999999997,2.967675,5.2648,0,40.0049
2020-12-14 09:42:21.326453,505,17001,12,18.6944,1.8694,0.7362,1.0253,1.269325,1.5152999999999999,2.520225,3.2705,0,40.0049
2020-12-14 09:42:21.326453,506,17001,13,17.923,1.7923,0.8722,0.2563,1.2527,1.88655,2.0351,3.5099,0,40.0049
2020-12-14 09:42:21.326453,507,18001,1,36.8297,4.6037,1.7034,1.0838,4.019,4.6854,5.431675,7.285,2,66.9953
2020-12-14 09:42:21.326453,508,18001,2,52.0682,6.5085,2.7616,1.2246,4.968775,6.65885,9.027700000000001,9.9166,2,66.9953
2020-12-14 09:42:21.326453,509,18001,3,48.9024,6.1128,2.1913,3.0614,4.3833,5.9632000000000005,7.828125,9.5265,2,66.9953
2020-12-14 09:42:21.326453,510,18001,4,44.3984,5.5498,1.8688,3.006,4.084874999999999,5.37245,6.8006,8.6706,2,66.9953
2020-12-14 09:42:21.326453,511,18001,5,41.3885,5.1736,1.7422,2.1677,4.172325,5.4021,6.784175,7.162,2,66.9953
2020-12-14 09:42:21.326453,512,18001,6,44.7896,5.5987,1.4474,2.321,5.356475,5.6526,6.6335999999999995,7.2145,2,66.9953
2020-12-14 09:42:21.326453,513,18001,7,42.8079,5.351,1.6651,3.2515,4.4014999999999995,4.77015,6.1984,8.8589,2,66.9953
2020-12-14 09:42:21.326453,514,18001,8,41.8024,4.1802,2.2782,0.6235,2.627025,4.48,6.229975,7.162,0,66.9953
2020-12-14 09:42:21.326453,515,18001,9,48.3702,6.0463,2.2664,2.7546,4.229925,5.803,7.9998,9.0181,2,66.9953
2020-12-14 09:42:21.326453,516,18001,10,49.0141,6.1268,2.2281,2.3624,4.360075,6.44285,7.7745999999999995,9.6193,2,66.9953
2020-12-14 09:42:21.326453,517,18001,11,46.7304,5.8413,3.5052,1.2024,3.7407250000000003,5.2233,7.759825,12.464,2,66.9953
2020-12-14 09:42:21.326453,518,18001,12,48.9794,6.1224,1.9273,2.4048,5.07305,6.30015,7.5541,8.8147,2,66.9953
2020-12-14 09:42:21.326453,519,18001,13,63.3378,7.9172,3.0634,4.3353,5.156225,7.249750000000001,9.937825,13.4702,2,66.9953
2020-12-14 09:42:21.326453,520,19001,1,16.6063,1.6606,0.7992,0.3539,1.17495,1.85275,2.3893750000000002,2.5231,0,44.0938
2020-12-14 09:42:21.326453,521,19001,2,21.0109,2.1011,0.6788,1.0813,1.56465,1.9542000000000002,2.522675,3.3589,0,44.0938
2020-12-14 09:42:21.326453,522,19001,3,15.9571,1.5957,0.8014,0.697,0.8275999999999999,1.47325,2.02975,2.9857,0,44.0938
2020-12-14 09:42:21.326453,523,19001,4,17.303,1.7303,0.5619,0.7399,1.203825,1.94655,2.176475,2.4773,0,44.0938
2020-12-14 09:42:21.326453,524,19001,5,20.2995,2.03,0.4425,1.4038,1.7612,2.00615,2.253475,2.8312,0,44.0938
2020-12-14 09:42:21.326453,525,19001,6,18.8779,1.8878,0.6076,1.0813,1.4345249999999998,1.924,2.195625,3.0109,0,44.0938
2020-12-14 09:42:21.326453,526,19001,7,17.0227,1.7023,0.7666,0.3635,1.1024500000000002,1.6056,2.4840999999999998,2.6345,0,44.0938
2020-12-14 09:42:21.326453,527,19001,8,15.9496,1.7722,0.62,1.1,1.394,1.428,2.1234,2.9857,1,44.0938
2020-12-14 09:42:21.326453,528,19001,9,23.9527,2.3953,1.0392,1.0617,1.263675,2.57085,3.281225,3.9988,0,44.0938
2020-12-14 09:42:21.326453,529,19001,10,17.6739,1.7674,0.5434,1.0528,1.20965,1.8576,2.13735,2.7879,0,44.0938
2020-12-14 09:42:21.326453,530,19001,11,13.0344,1.3034,0.6526,0.3635,0.81325,1.1052,1.7357749999999998,2.4773,0,44.0938
2020-12-14 09:42:21.326453,531,19001,12,14.4387,1.6043,0.8185,0.3732,1.0617,1.4417,1.8176,3.3295,1,44.0938
2020-12-14 09:42:21.326453,532,19001,13,17.7207,1.7721,0.6646,0.3732,1.546275,1.8099,2.101925,2.9596,0,44.0938
2020-12-14 09:42:21.326453,533,20001,1,18.1623,1.8162,0.5086,0.945,1.501625,1.77565,2.220575,2.5906,0,36.348
2020-12-14 09:42:21.326453,534,20001,2,29.9361,2.9936,1.0249,1.5795,2.4067,2.61285,4.052325,4.4619,0,36.348
2020-12-14 09:42:21.326453,535,20001,3,27.8982,2.7898,0.8284,1.5795,2.04235,2.69745,3.5995250000000003,3.9317,0,36.348
2020-12-14 09:42:21.326453,536,20001,4,26.8044,2.6804,0.6136,1.5795,2.4493750000000003,2.7626,2.9838500000000003,3.8036,0,36.348
2020-12-14 09:42:21.326453,537,20001,5,23.3047,2.3305,0.4769,1.4176,2.042425,2.21875,2.643775,3.104,0,36.348
2020-12-14 09:42:21.326453,538,20001,6,28.316,2.8316,1.2681,1.2416,1.95845,2.385,3.13285,5.2956,0,36.348
2020-12-14 09:42:21.326453,539,20001,7,25.6049,2.5605,0.7427,1.4873,2.1832000000000003,2.35175,3.0889249999999997,3.8036,0,36.348
2020-12-14 09:42:21.326453,540,20001,8,33.3148,3.3315,0.8767,1.9859,2.67795,3.2424999999999997,3.83305,5.0779,0,36.348
2020-12-14 09:42:21.326453,541,20001,9,31.2934,3.1293,1.07,1.1541,2.74665,3.3316,3.759525,5.0715,0,36.348
2020-12-14 09:42:21.326453,542,20001,10,28.181,2.8181,1.0155,1.4176,1.8503,2.75275,3.811725,4.214,0,36.348
2020-12-14 09:42:21.326453,543,20001,11,26.1537,2.6154,1.0074,1.2098,1.8340249999999998,2.481,3.310725,4.6489,0,36.348
2020-12-14 09:42:21.326453,544,20001,12,23.526,2.3526,0.6708,1.4517,1.8925750000000001,2.2767999999999997,2.74915,3.4541,0,36.348
2020-12-14 09:42:21.326453,545,20001,13,23.3013,2.3301,1.0459,0.9678,1.501625,2.1814,3.0881250000000002,3.8859,0,36.348
2020-12-14 09:42:21.326453,546,23001,1,15.5924,1.5592,0.6025,0.6435,1.2382,1.482,1.9985999999999997,2.4421,0,39.4573
2020-12-14 09:42:21.326453,547,23001,2,20.248,2.0248,0.7833,0.962,1.617175,1.9127,2.0774749999999997,3.9084,0,39.4573
2020-12-14 09:42:21.326453,548,23001,3,19.5954,1.9595,0.4932,0.962,1.7262,2.0109,2.1546499999999997,2.9888,0,39.4573
2020-12-14 09:42:21.326453,549,23001,4,26.5337,2.6534,0.9281,1.1666,2.1962249999999996,2.35205,3.06105,4.8843,0,39.4573
2020-12-14 09:42:21.326453,550,23001,5,20.4026,2.0403,0.5799,0.9333,1.607125,2.23435,2.528975,2.6864,0,39.4573
2020-12-14 09:42:21.326453,551,23001,6,14.209,1.4209,0.4329,0.7215,1.163525,1.39045,1.754775,2.1979,0,39.4573
2020-12-14 09:42:21.326453,552,23001,7,19.8177,1.9818,0.3684,1.3597,1.69,2.0257,2.1659249999999997,2.6056,0,39.4573
2020-12-14 09:42:21.326453,553,23001,8,18.9555,1.8956,0.5317,0.8934,1.552225,1.8974,2.265175,2.8424,0,39.4573
2020-12-14 09:42:21.326453,554,23001,9,18.9848,1.8985,0.8022,0.7,1.2895,1.7389999999999999,2.551725,3.1727,0,39.4573
2020-12-14 09:42:21.326453,555,23001,10,17.6118,1.7612,0.6493,0.2442,1.4967750000000002,1.85285,2.11865,2.8632,0,39.4573
2020-12-14 09:42:21.326453,556,23001,11,16.7198,1.672,0.4246,0.9065,1.35745,1.76255,1.8878000000000001,2.529,0,39.4573
2020-12-14 09:42:21.326453,557,23001,12,14.8368,1.4837,0.6736,0.2145,1.077525,1.4321000000000002,2.125225,2.3332,0,39.4573
2020-12-14 09:42:21.326453,558,23001,13,13.6872,1.3687,0.777,0.2266,0.903375,1.22595,1.5015,2.8424,0,39.4573
2020-12-14 09:42:21.326453,559,27001,1,65.813,6.5813,3.5807,3.4457,4.300825,4.34155,8.217225,13.8006,0,40.0071
2020-12-14 09:42:21.326453,560,27001,2,95.2142,9.5214,2.6618,5.2266,7.33615,9.5243,11.108324999999999,14.7441,0,40.0071
2020-12-14 09:42:21.326453,561,27001,3,86.5183,8.6518,2.1832,5.2266,6.888775,9.04035,10.152975000000001,12.1422,0,40.0071
2020-12-14 09:42:21.326453,562,27001,4,79.6278,7.9628,2.4166,4.3458,5.648525,7.7578,10.39875,11.2518,0,40.0071
2020-12-14 09:42:21.326453,563,27001,5,93.4806,9.3481,3.2653,3.492,7.975650000000001,9.91185,11.9314,13.8484,0,40.0071
2020-12-14 09:42:21.326453,564,27001,6,83.0597,8.306,2.383,5.238,6.296125,7.7675,9.990675,12.9381,0,40.0071
2020-12-14 09:42:21.326453,565,27001,7,69.229,6.9229,2.7569,3.4457,4.549425,6.1053,9.039925,11.2749,0,40.0071
2020-12-14 09:42:21.326453,566,27001,8,100.3918,10.0392,2.7357,4.3071,8.71575,10.33405,11.2243,15.5794,0,40.0071
2020-12-14 09:42:21.326453,567,27001,9,83.1169,8.3117,4.1461,2.5818,6.046125,7.334899999999999,11.009175,17.3831,0,40.0071
2020-12-14 09:42:21.326453,568,27001,10,76.1621,7.6162,2.6501,4.303,5.648525,6.9031,8.850525,12.9829,0,40.0071
2020-12-14 09:42:21.326453,569,27001,11,82.1712,8.2171,3.3059,3.492,5.427275,7.7649,10.570625,13.9065,0,40.0071
2020-12-14 09:42:21.326453,570,27001,12,61.5138,6.1514,3.6347,1.7422,2.80505,5.163600000000001,9.15785,12.1173,0,40.0071
2020-12-14 09:42:21.326453,571,27001,13,71.7649,7.1765,2.9374,1.7422,6.042825000000001,7.76035,9.550725,10.3504,0,40.0071
2020-12-14 09:42:21.326453,572,41001,1,36.126,3.6126,1.13,1.192,2.8980499999999996,3.8859500000000002,4.47295,5.1439,0,27.4038
2020-12-14 09:42:21.326453,573,41001,2,46.0267,4.6027,1.3703,2.646,3.2890750000000004,4.82485,5.464925,6.6043,0,27.4038
2020-12-14 09:42:21.326453,574,41001,3,47.5353,4.7535,1.1515,2.4207,4.33985,4.670249999999999,5.690425,6.3041,0,27.4038
2020-12-14 09:42:21.326453,575,41001,4,41.8726,4.1873,1.4303,2.086,3.574275,4.15935,4.9818999999999996,7.1018,0,27.4038
2020-12-14 09:42:21.326453,576,41001,5,48.7728,4.8773,0.9691,3.3284,4.13795,5.20665,5.60465,6.2579,0,27.4038
2020-12-14 09:42:21.326453,577,41001,6,48.9993,4.8999,1.3264,2.7233,4.0645750000000005,4.748049999999999,5.658075,7.3977,0,27.4038
2020-12-14 09:42:21.326453,578,41001,7,43.0975,4.3097,0.902,2.7233,3.834975,4.03965,5.0454,5.8442,0,27.4038
2020-12-14 09:42:21.326453,579,41001,8,47.8655,4.7866,1.2246,3.18,3.8835500000000005,4.56945,5.935325000000001,6.6187,0,27.4038
2020-12-14 09:42:21.326453,580,41001,9,47.2766,4.7277,0.877,3.5759,4.067375,4.5426,5.3953500000000005,6.51,0,27.4038
2020-12-14 09:42:21.326453,581,41001,10,43.1838,4.3184,1.0196,2.3022,3.808825,4.135,5.05145,5.9599,0,27.4038
2020-12-14 09:42:21.326453,582,41001,11,42.8214,4.2821,0.8326,3.3022,3.5904,4.30705,4.660025,6.1364,0,27.4038
2020-12-14 09:42:21.326453,583,41001,12,37.7803,3.778,0.725,2.4207,3.3439250000000005,3.5519499999999997,4.311775,4.94,0,27.4038
2020-12-14 09:42:21.326453,584,41001,13,41.8743,4.1874,1.5462,1.5129,3.36075,4.22485,5.3614250000000006,6.8538,0,27.4038
2020-12-14 09:42:21.326453,585,44001,1,16.3917,1.6392,0.7993,0.3721,1.0213750000000001,1.9623,2.3224250000000004,2.5188,0,58.2353
2020-12-14 09:42:21.326453,586,44001,2,18.9787,1.8979,0.7757,0.3378,1.4173499999999999,2.0364,2.2264749999999998,3.2857,0,58.2353
2020-12-14 09:42:21.326453,587,44001,3,15.279,1.5279,0.5701,0.7707,1.083825,1.37155,1.9678,2.5188,0,58.2353
2020-12-14 09:42:21.326453,588,44001,4,18.3695,1.837,0.7813,0.7707,0.98595,1.984,2.5831500000000003,2.7971,0,58.2353
2020-12-14 09:42:21.326453,589,44001,5,17.4354,1.7435,0.7386,0.7196,1.219025,1.54335,2.2921,3.1358,0,58.2353
2020-12-14 09:42:21.326453,590,44001,6,17.8791,1.9866,0.9683,0.7992,1.0453,1.8604,2.3645,3.5984,1,58.2353
2020-12-14 09:42:21.326453,591,44001,7,14.6473,1.4647,1.0826,0.3853,0.436225,1.3881000000000001,1.7848499999999998,3.3778,0,58.2353
2020-12-14 09:42:21.326453,592,44001,8,20.0289,2.2254,0.803,0.9388,1.7992,2.3121,2.4899,3.7156,1,58.2353
2020-12-14 09:42:21.326453,593,44001,9,17.1604,1.9067,1.135,0.7442,1.245,1.4081,2.0267,4.7487,1,58.2353
2020-12-14 09:42:21.326453,594,44001,10,19.9031,1.9903,0.8577,1.0795,1.4556749999999998,1.763,2.021275,3.7156,0,58.2353
2020-12-14 09:42:21.326453,595,44001,11,15.1703,1.517,0.964,0.4498,0.7223999999999999,1.2616999999999998,2.12585,3.3487,0,58.2353
2020-12-14 09:42:21.326453,596,44001,12,11.047,1.2274,0.7112,0.415,0.4498,1.1988,1.4393,2.7023,1,58.2353
2020-12-14 09:42:21.326453,597,44001,13,21.6459,2.1646,1.5137,0.3853,1.4556749999999998,1.72955,2.745175,5.6121,0,58.2353
2020-12-14 09:42:21.326453,598,47001,1,15.2703,1.527,1.0402,0.4265,0.536575,1.3167499999999999,2.403775,3.4051,0,47.916
2020-12-14 09:42:21.326453,599,47001,2,24.5161,2.4516,0.9443,0.8662,1.8994749999999998,2.68335,3.06805,3.6853,0,47.916
2020-12-14 09:42:21.326453,600,47001,3,24.3468,2.4347,1.2094,0.6496,1.652025,2.0513000000000003,2.966375,5.0431,0,47.916
2020-12-14 09:42:21.326453,601,47001,4,20.6002,2.06,0.8357,0.8931,1.2601499999999999,2.18135,2.6980999999999997,3.4118,0,47.916
2020-12-14 09:42:21.326453,602,47001,5,21.011,2.1011,0.7802,1.2794,1.43785,1.9745,2.42025,3.9423,0,47.916
2020-12-14 09:42:21.326453,603,47001,6,24.0914,2.4091,0.9192,1.0995,1.797625,1.9340000000000002,3.260425,3.9423,0,47.916
2020-12-14 09:42:21.326453,604,47001,7,21.0327,2.1033,1.0676,0.4398,1.498475,1.766,2.5639499999999997,4.0701,0,47.916
2020-12-14 09:42:21.326453,605,47001,8,21.5089,2.1509,0.9547,0.8529,1.34485,2.1924,2.8495250000000003,3.8666,0,47.916
2020-12-14 09:42:21.326453,606,47001,9,21.6055,2.1605,1.1219,0.4466,1.498475,1.8713,3.1632,3.8793,0,47.916
2020-12-14 09:42:21.326453,607,47001,10,23.2972,2.3297,1.141,0.6597,1.616625,2.02235,3.4276,4.0733,0,47.916
2020-12-14 09:42:21.326453,608,47001,11,21.3547,2.1355,1.1721,0.4466,1.3356750000000002,1.93295,3.039575,4.2063,0,47.916
2020-12-14 09:42:21.326453,609,47001,12,17.4594,1.7459,0.6641,0.6699,1.160525,1.8758,2.221,2.6875,0,47.916
2020-12-14 09:42:21.326453,610,47001,13,25.445,2.5445,0.9978,0.8796,1.83765,2.3952,3.2890250000000005,4.4065,0,47.916
2020-12-14 09:42:21.326453,611,50001,1,38.9757,3.8976,0.8258,2.6521,3.2745249999999997,4.10475,4.326,5.3305,0,26.8199
2020-12-14 09:42:21.326453,612,50001,2,54.3826,5.4383,1.2587,3.2391,4.39825,5.47165,6.468825,7.4668,0,26.8199
2020-12-14 09:42:21.326453,613,50001,3,52.368,5.2368,1.1742,3.394,4.218775,5.31845,6.246275,6.9659,0,26.8199
2020-12-14 09:42:21.326453,614,50001,4,51.0204,5.102,1.2431,3.394,4.08445,5.14075,5.959625,7.012,0,26.8199
2020-12-14 09:42:21.326453,615,50001,5,49.6002,4.96,0.9319,2.3221,4.9764,5.12975,5.238825,5.9984,0,26.8199
2020-12-14 09:42:21.326453,616,50001,6,45.6809,4.5681,0.9956,2.4311,4.29355,4.53805,5.1516,6.2539,0,26.8199
2020-12-14 09:42:21.326453,617,50001,7,48.3094,4.8309,0.6397,3.5886,4.52225,4.8093,5.112175000000001,5.8562,0,26.8199
2020-12-14 09:42:21.326453,618,50001,8,51.3807,5.1381,1.1126,3.0129,4.591825,5.2919,5.848425000000001,7.0679,0,26.8199
2020-12-14 09:42:21.326453,619,50001,9,51.6607,5.1661,1.2578,3.3151,4.43735,4.98565,5.644325,7.77,0,26.8199
2020-12-14 09:42:21.326453,620,50001,10,51.4023,5.1402,1.5148,2.2627,4.4258,4.9430499999999995,6.118,7.5099,0,26.8199
2020-12-14 09:42:21.326453,621,50001,11,55.4752,5.5475,1.3392,2.2627,5.099075,5.9841,6.29765,7.3123,0,26.8199
2020-12-14 09:42:21.326453,622,50001,12,43.4088,4.3409,1.5328,0.6788,3.7414,4.69805,5.49405,6.0582,0,26.8199
2020-12-14 09:42:21.326453,623,50001,13,52.7603,5.276,1.9613,1.5839,4.47775,5.94575,6.25855,7.9052,0,26.8199
2020-12-14 09:42:21.326453,624,52001,1,5.2454,0.6557,0.2624,0.2194,0.45885,0.66945,0.78605,1.0855,2,55.6431
2020-12-14 09:42:21.326453,625,52001,2,8.0796,0.808,0.3949,0.2218,0.522075,0.79315,0.926625,1.7002,0,55.6431
2020-12-14 09:42:21.326453,626,52001,3,9.6165,1.0685,0.6026,0.2171,0.4725,1.0968,1.3988,2.0453,1,55.6431
2020-12-14 09:42:21.326453,627,52001,4,8.225,0.8225,0.4877,0.2171,0.45325,0.7031499999999999,1.296825,1.5527,0,55.6431
2020-12-14 09:42:21.326453,628,52001,5,7.162,0.7162,0.3549,0.2171,0.450825,0.7893,0.9517,1.3635,0,55.6431
2020-12-14 09:42:21.326453,629,52001,6,7.1057,0.7106,0.3356,0.2301,0.45745,0.5762,1.0335,1.2145,0,55.6431
2020-12-14 09:42:21.326453,630,52001,7,6.1531,0.6153,0.2596,0.2273,0.450825,0.4824,0.84595,1.0855,0,55.6431
2020-12-14 09:42:21.326453,631,52001,8,6.1494,0.6149,0.2994,0.2171,0.29725,0.6776,0.83775,1.1091,0,55.6431
2020-12-14 09:42:21.326453,632,52001,9,5.7425,0.6381,0.3912,0.2171,0.2245,0.6904,0.9325,1.1976,1,55.6431
2020-12-14 09:42:21.326453,633,52001,10,8.4938,0.8494,0.406,0.2194,0.665675,0.89255,1.08235,1.6319,0,55.6431
2020-12-14 09:42:21.326453,634,52001,11,7.7078,0.7708,0.4489,0.2273,0.527175,0.6819,0.8934249999999999,1.7549,0,55.6431
2020-12-14 09:42:21.326453,635,52001,12,8.6638,0.8664,0.2764,0.4663,0.665675,0.9034,1.062125,1.3808,0,55.6431
2020-12-14 09:42:21.326453,636,52001,13,8.8983,0.8898,0.2732,0.479,0.70785,0.9038999999999999,1.08535,1.3468,0,55.6431
2020-12-14 09:42:21.326453,637,54001,1,34.1256,3.4126,0.9299,2.5185,2.699825,3.0183,4.2026,5.1229,0,26.2683
2020-12-14 09:42:21.326453,638,54001,2,37.2222,3.7222,0.8061,2.5614,3.08925,3.6704499999999998,4.2398750000000005,5.037,0,26.2683
2020-12-14 09:42:21.326453,639,54001,3,38.6104,3.861,0.9076,2.6676,3.2600249999999997,3.65625,4.1777,5.9414,0,26.2683
2020-12-14 09:42:21.326453,640,54001,4,39.6147,3.9615,1.0328,1.779,3.400875,4.1785,4.572725,5.3814,0,26.2683
2020-12-14 09:42:21.326453,641,54001,5,46.0257,4.6026,0.9848,3.0113,4.303875,4.5484,4.935074999999999,6.8763,0,26.2683
2020-12-14 09:42:21.326453,642,54001,6,40.7281,4.0728,0.9618,3.0113,3.233675,3.9497,4.566325,6.2766,0,26.2683
2020-12-14 09:42:21.326453,643,54001,7,38.7518,3.8752,0.7584,2.3537,3.629125,3.94555,4.300675,5.0825,0,26.2683
2020-12-14 09:42:21.326453,644,54001,8,34.1418,3.4142,0.9019,1.9408,2.94255,3.32855,3.4823999999999997,5.037,0,26.2683
2020-12-14 09:42:21.326453,645,54001,9,40.6545,4.0654,1.0174,2.2413,3.2200499999999996,4.3383,4.6732499999999995,5.4843,0,26.2683
2020-12-14 09:42:21.326453,646,54001,10,36.9703,3.697,0.6609,2.5614,3.13675,4.01735,4.152525,4.6608,0,26.2683
2020-12-14 09:42:21.326453,647,54001,11,35.1549,3.5155,0.9448,1.9408,2.8035,3.5622999999999996,4.28975,4.7407,0,26.2683
2020-12-14 09:42:21.326453,648,54001,12,31.591,3.1591,1.0456,1.1206,2.6096250000000003,3.1814,3.905375,4.634,0,26.2683
2020-12-14 09:42:21.326453,649,54001,13,38.4422,3.8442,1.0361,2.0812,3.431825,3.7849,3.8409999999999997,5.8299,0,26.2683
2020-12-14 09:42:21.326453,650,63001,1,30.229,3.0229,1.5896,1.6767,1.986975,2.67105,3.415025,7.2687,0,34.5994
2020-12-14 09:42:21.326453,651,63001,2,45.5776,4.5578,1.3144,2.0019,3.771575,4.7467500000000005,5.0692,6.6067,0,34.5994
2020-12-14 09:42:21.326453,652,63001,3,38.1645,3.8164,0.9183,2.0435,3.1453249999999997,3.8866499999999995,4.6671249999999995,4.9796,0,34.5994
2020-12-14 09:42:21.326453,653,63001,4,33.5648,3.3565,1.1803,1.982,2.4682999999999997,3.1925,3.595275,6.2304,0,34.5994
2020-12-14 09:42:21.326453,654,63001,5,39.9575,3.9958,0.9799,2.3594,3.45675,4.07635,4.326700000000001,6.2304,0,34.5994
2020-12-14 09:42:21.326453,655,63001,6,38.9105,3.891,1.3911,2.3841,3.116925,3.56575,4.16235,7.5737,0,34.5994
2020-12-14 09:42:21.326453,656,63001,7,39.3832,3.9383,1.3467,1.982,2.673475,3.8972999999999995,4.80055,6.2304,0,34.5994
2020-12-14 09:42:21.326453,657,63001,8,38.6107,3.8611,1.3404,1.6767,2.7807,3.7397,4.95185,6.0986,0,34.5994
2020-12-14 09:42:21.326453,658,63001,9,39.1927,3.9193,1.0662,2.3841,3.106175,3.67065,4.699075000000001,5.7009,0,34.5994
2020-12-14 09:42:21.326453,659,63001,10,39.5614,3.9561,1.0956,2.0435,3.3449999999999998,3.8264,4.719475,5.8209,0,34.5994
2020-12-14 09:42:21.326453,660,63001,11,34.8923,3.4892,0.9277,2.6427,2.703475,3.1782,3.947,5.1639,0,34.5994
2020-12-14 09:42:21.326453,661,63001,12,30.3385,3.0338,1.0229,1.7307,2.133725,2.8381,3.599425,5.0302,0,34.5994
2020-12-14 09:42:21.326453,662,63001,13,28.0745,2.8075,0.8654,0.6741,2.468025,2.99535,3.2814249999999996,4.1536,0,34.5994
2020-12-14 09:42:21.326453,663,66001,1,39.5664,3.9566,1.0828,2.7406,3.188175,3.5792,4.329275,5.9319,0,27.5054
2020-12-14 09:42:21.326453,664,66001,2,55.71,5.571,1.193,3.1778,4.772775,5.85735,6.2497750000000005,7.2395,0,27.5054
2020-12-14 09:42:21.326453,665,66001,3,49.6637,4.9664,1.0768,3.2631,4.206575,5.074199999999999,5.849025,6.6815,0,27.5054
2020-12-14 09:42:21.326453,666,66001,4,55.4443,5.5444,1.1978,3.8327,4.444750000000001,5.68995,6.3921,7.4149,0,27.5054
2020-12-14 09:42:21.326453,667,66001,5,57.7111,5.7711,0.9959,3.6386,5.1724,5.946949999999999,6.5739,7.1008,0,27.5054
2020-12-14 09:42:21.326453,668,66001,6,59.6838,5.9684,1.6276,2.3798,5.314325,6.09035,6.6579250000000005,8.3042,0,27.5054
2020-12-14 09:42:21.326453,669,66001,7,52.3742,5.2374,1.2009,3.7763,4.179075,4.80255,6.1225249999999996,7.1788,0,27.5054
2020-12-14 09:42:21.326453,670,66001,8,52.5794,5.2579,1.1746,3.4246,4.456125,4.7094000000000005,6.589149999999999,6.8137,0,27.5054
2020-12-14 09:42:21.326453,671,66001,9,52.8924,5.2892,0.9819,3.2106,4.901975,5.4803999999999995,5.734725,7.0991,0,27.5054
2020-12-14 09:42:21.326453,672,66001,10,54.3965,5.4396,1.5145,3.7763,4.2136499999999995,5.042400000000001,6.143000000000001,8.686,0,27.5054
2020-12-14 09:42:21.326453,673,66001,11,49.4961,4.9496,1.2928,3.2106,3.7499,4.6842,6.091425,7.203,0,27.5054
2020-12-14 09:42:21.326453,674,66001,12,38.9397,3.894,1.3904,1.5228,2.7758000000000003,4.03885,5.181,5.8742,0,27.5054
2020-12-14 09:42:21.326453,675,66001,13,49.2039,4.9204,1.6705,2.1754,3.538575,5.1553,6.13455,7.572,0,27.5054
2020-12-14 09:42:21.326453,676,68001,1,30.9144,3.0914,0.932,0.9478,2.7019,3.03955,3.8806,4.3513,0,26.6878
2020-12-14 09:42:21.326453,677,68001,2,41.9076,4.1908,0.7061,3.2308,3.5246750000000002,4.166,4.7048000000000005,5.4853,0,26.6878
2020-12-14 09:42:21.326453,678,68001,3,38.4902,3.849,0.6113,2.4804,3.511,3.97375,4.350375,4.5546,0,26.6878
2020-12-14 09:42:21.326453,679,68001,4,39.4449,3.9445,0.5878,2.8466,3.7860500000000004,4.0024,4.357425,4.7287,0,26.6878
2020-12-14 09:42:21.326453,680,68001,5,31.6787,3.1679,0.798,1.3284,2.88735,3.2237999999999998,3.74225,4.1976,0,26.6878
2020-12-14 09:42:21.326453,681,68001,6,40.016,4.0016,0.9093,2.6656,3.4065250000000002,3.87875,4.457649999999999,6.054,0,26.6878
2020-12-14 09:42:21.326453,682,68001,7,34.7117,3.4712,0.8095,2.0851,2.84375,3.41955,3.9458,4.9189,0,26.6878
2020-12-14 09:42:21.326453,683,68001,8,42.2828,4.2283,1.0256,2.862,3.653125,4.0684000000000005,4.322075,6.4309,0,26.6878
2020-12-14 09:42:21.326453,684,68001,9,36.9735,3.6974,1.152,1.1424,3.12495,3.7041,4.503774999999999,5.4971,0,26.6878
2020-12-14 09:42:21.326453,685,68001,10,35.4645,3.5464,0.5527,3.0263,3.22335,3.4073,3.5757000000000003,4.9179,0,26.6878
2020-12-14 09:42:21.326453,686,68001,11,40.3893,4.0389,0.8979,2.0944,3.783525,3.9989,4.456275,5.682,0,26.6878
2020-12-14 09:42:21.326453,687,68001,12,39.427,3.9427,1.2155,1.7136,3.237375,3.97375,4.5442,5.8636,0,26.6878
2020-12-14 09:42:21.326453,688,68001,13,34.4873,3.4487,1.4624,1.1424,2.0928500000000003,3.8913,4.63475,5.1081,0,26.6878
2020-12-14 09:42:21.326453,689,70001,1,7.7155,0.9644,0.439,0.3441,0.73195,0.9077999999999999,1.068025,1.9513,2,69.5516
2020-12-14 09:42:21.326453,690,70001,2,11.9447,1.1945,0.6235,0.3488,0.561525,1.2953999999999999,1.489775,2.1214,0,69.5516
2020-12-14 09:42:21.326453,691,70001,3,12.4034,1.2403,0.3196,0.737,1.064325,1.24875,1.5008,1.7439,0,69.5516
2020-12-14 09:42:21.326453,692,70001,4,7.7449,0.9681,0.4232,0.3441,0.664175,1.07535,1.21145,1.561,2,69.5516
2020-12-14 09:42:21.326453,693,70001,5,10.8808,1.209,0.7468,0.3584,0.3737,1.1056,1.9232,2.475,1,69.5516
2020-12-14 09:42:21.326453,694,70001,6,8.0376,0.8931,0.4165,0.3584,0.7071,0.7583,0.7805,1.8426,1,69.5516
2020-12-14 09:42:21.326453,695,70001,7,8.6018,1.2288,0.5692,0.6976,0.75315,1.0607,1.4643000000000002,2.4086,3,69.5516
2020-12-14 09:42:21.326453,696,70001,8,8.6951,0.9661,0.5965,0.3584,0.7267,0.7693,1.1212,2.4086,1,69.5516
2020-12-14 09:42:21.326453,697,70001,9,12.7997,1.28,0.6618,0.3488,0.817925,1.2854999999999999,1.67495,2.6162,0,69.5516
2020-12-14 09:42:21.326453,698,70001,10,10.2295,1.023,0.4496,0.3685,0.7271749999999999,0.9206,1.1379249999999999,1.8687,0,69.5516
2020-12-14 09:42:21.326453,699,70001,11,5.3511,0.6689,0.4666,0.3488,0.36087500000000006,0.37639999999999996,0.82155,1.7204,2,69.5516
2020-12-14 09:42:21.326453,700,70001,12,6.2085,0.8869,0.4593,0.3488,0.5507,0.7475,1.1215,1.7678,3,69.5516
2020-12-14 09:42:21.326453,701,70001,13,8.2902,1.0363,0.6509,0.3584,0.606975,0.8969,1.221575,2.475,2,69.5516
2020-12-14 09:42:21.326453,702,73001,1,32.2237,3.2224,0.8796,1.7728,2.8043249999999995,3.02485,3.489225,4.8869,0,28.331
2020-12-14 09:42:21.326453,703,73001,2,37.166,3.7166,1.1088,2.6106,2.8570249999999997,3.5238,4.01115,6.2026,0,28.331
2020-12-14 09:42:21.326453,704,73001,3,39.1765,3.9177,0.6041,3.0712,3.4044,3.8829000000000002,4.385275,4.7866,0,28.331
2020-12-14 09:42:21.326453,705,73001,4,39.8427,3.9843,0.8753,2.6046,3.395525,3.72325,4.4291,5.5475,0,28.331
2020-12-14 09:42:21.326453,706,73001,5,34.8792,3.4879,0.7288,2.2625,3.2094500000000004,3.4786,4.02415,4.6046,0,28.331
2020-12-14 09:42:21.326453,707,73001,6,35.5487,3.5549,0.6963,2.5786,2.867325,3.6298500000000002,3.986475,4.6989,0,28.331
2020-12-14 09:42:21.326453,708,73001,7,33.496,3.3496,1.0622,2.4186,2.567925,3.03105,3.366225,5.673,0,28.331
2020-12-14 09:42:21.326453,709,73001,8,37.9721,3.7972,1.0408,1.6916,3.3866000000000005,3.7388,4.37745,5.8503,0,28.331
2020-12-14 09:42:21.326453,710,73001,9,37.8786,3.7879,0.6197,2.6588,3.3359750000000004,3.8855,4.266575,4.6972,0,28.331
2020-12-14 09:42:21.326453,711,73001,10,38.6442,3.8644,1.2519,2.0891,2.726,4.0778,4.62875,6.2622,0,28.331
2020-12-14 09:42:21.326453,712,73001,11,29.0927,2.9093,0.8024,1.5193,2.4248250000000002,2.6709,3.640975,4.1552,0,28.331
2020-12-14 09:42:21.326453,713,73001,12,29.0486,2.9049,0.7972,1.5037,2.357475,3.0539,3.315875,4.3511,0,28.331
2020-12-14 09:42:21.326453,714,73001,13,33.0678,3.3068,1.3285,1.4735,2.2963999999999998,3.34605,4.015775,5.5813,0,28.331
2020-12-14 09:42:21.326453,715,76001,1,35.7337,3.5734,1.2066,1.9208,3.269275,3.2812,3.8523,6.7271,0,20.8207
2020-12-14 09:42:21.326453,716,76001,2,45.6389,4.5639,0.5251,3.657,4.178100000000001,4.759,4.889225,5.2124,0,20.8207
2020-12-14 09:42:21.326453,717,76001,3,42.5866,4.2587,0.4277,3.5075,3.889175,4.3607499999999995,4.538125,4.8466,0,20.8207
2020-12-14 09:42:21.326453,718,76001,4,38.5272,3.8527,0.5139,3.0064,3.4279,3.84415,4.309925,4.6195,0,20.8207
2020-12-14 09:42:21.326453,719,76001,5,37.9048,3.7905,0.5916,2.908,3.302675,3.8616,4.0951249999999995,4.9681,0,20.8207
2020-12-14 09:42:21.326453,720,76001,6,40.4702,4.047,0.4464,3.2914,3.833925,3.92265,4.2863999999999995,4.9245,0,20.8207
2020-12-14 09:42:21.326453,721,76001,7,37.3859,3.7386,0.5447,2.9546,3.337775,3.5801,4.052075,4.6349,0,20.8207
2020-12-14 09:42:21.326453,722,76001,8,40.5976,4.0598,0.5997,3.1039,3.6465500000000004,4.1203,4.395425,5.2296,0,20.8207
2020-12-14 09:42:21.326453,723,76001,9,37.2347,3.7235,0.5502,3.1134,3.391925,3.58505,3.9045750000000004,5.1424,0,20.8207
2020-12-14 09:42:21.326453,724,76001,10,39.5011,3.9501,0.7389,2.6297,3.47215,3.9754,4.562025,4.9783,0,20.8207
2020-12-14 09:42:21.326453,725,76001,11,35.6824,3.5682,0.7072,2.5839,3.1144,3.27,3.9144250000000005,4.8256,0,20.8207
2020-12-14 09:42:21.326453,726,76001,12,30.9004,3.09,0.576,2.1555,2.6416749999999998,3.23705,3.6366750000000003,3.7603,0,20.8207
2020-12-14 09:42:21.326453,727,76001,13,34.9826,3.4983,1.2356,1.2071,2.9410499999999997,3.1778,4.708699999999999,5.1777,0,20.8207
2020-12-14 09:42:21.326453,728,81001,1,14.7644,2.4607,1.3005,1.0998,1.378875,2.2319500000000003,2.9857250000000004,4.8692,4,78.6908
2020-12-14 09:42:21.326453,729,81001,2,24.8217,3.1027,1.5475,1.0723,1.9328750000000001,2.8757,4.5069,5.4991,2,78.6908
2020-12-14 09:42:21.326453,730,81001,3,31.5732,3.5081,1.5265,2.1996,2.3608,3.2168,3.4886,6.8774,1,78.6908
2020-12-14 09:42:21.326453,731,81001,4,38.0061,4.2229,4.8304,1.0857,2.2294,2.4346,3.4886,17.5971,1,78.6908
2020-12-14 09:42:21.326453,732,81001,5,29.5945,3.6993,1.5502,1.1986,2.3205,3.99735,4.75675,5.7312,2,78.6908
2020-12-14 09:42:21.326453,733,81001,6,32.5627,3.6181,1.7024,2.2925,2.3608,3.2995,4.289,7.9113,1,78.6908
2020-12-14 09:42:21.326453,734,81001,7,31.0153,3.1015,1.3006,1.0723,2.3095749999999997,3.2782999999999998,4.3035,4.7943,0,78.6908
2020-12-14 09:42:21.326453,735,81001,8,43.3641,4.3364,2.5932,1.0723,1.470325,4.6896,6.577725,8.1401,0,78.6908
2020-12-14 09:42:21.326453,736,81001,9,31.8223,3.1822,1.5507,1.0857,1.5076,3.4425999999999997,4.568849999999999,5.3613,0,78.6908
2020-12-14 09:42:21.326453,737,81001,10,31.7136,3.1714,1.3022,1.1986,2.1582749999999997,3.48995,4.429725,4.6515,0,78.6908
2020-12-14 09:42:21.326453,738,81001,11,28.4826,3.1647,1.947,1.0857,1.1804,2.4346,4.6515,6.7811,1,78.6908
2020-12-14 09:42:21.326453,739,81001,12,31.6407,3.5156,2.2536,1.1986,2.1996,2.4346,3.4886,9.0415,1,78.6908
2020-12-14 09:42:21.326453,740,81001,13,20.218,2.8883,1.7763,1.0857,1.6715499999999999,2.2604,3.42035,6.6881,3,78.6908
2020-12-14 09:42:21.326453,741,85001,1,30.5545,3.0554,1.0265,1.4653,2.3095749999999997,3.31075,3.66965,4.8638,0,52.5981
2020-12-14 09:42:21.326453,742,85001,2,34.4839,3.4484,1.6807,0.7895,2.1733000000000002,3.25445,5.028700000000001,6.0047,0,52.5981
2020-12-14 09:42:21.326453,743,85001,3,34.3288,3.4329,1.3008,1.579,2.42145,3.29435,4.039925,6.2945,0,52.5981
2020-12-14 09:42:21.326453,744,85001,4,34.7513,3.4751,2.3606,0.7696,1.7088,2.55445,4.6121,8.0594,0,52.5981
2020-12-14 09:42:21.326453,745,85001,5,35.6024,3.5602,1.87,0.7156,1.916925,4.067,5.1645,5.8955,0,52.5981
2020-12-14 09:42:21.326453,746,85001,6,32.2349,3.5817,1.5978,1.3988,2.198,3.3462,5.2404,5.6744,1,52.5981
2020-12-14 09:42:21.326453,747,85001,7,33.9762,3.3976,1.68,0.6551,2.399075,3.28765,4.408075,6.8398,0,52.5981
2020-12-14 09:42:21.326453,748,85001,8,26.7468,2.6747,1.4201,0.7696,1.4951750000000001,2.4804,3.8764000000000003,4.7878,0,52.5981
2020-12-14 09:42:21.326453,749,85001,9,33.6066,3.3607,1.4312,0.7895,2.224475,3.58015,4.536675000000001,5.4718,0,52.5981
2020-12-14 09:42:21.326453,750,85001,10,33.0575,3.3058,1.0273,2.1469,2.46035,2.86415,4.001824999999999,5.2404,0,52.5981
2020-12-14 09:42:21.326453,751,85001,11,28.5958,2.8596,1.7096,0.7506,2.010625,2.28325,3.7109499999999995,6.1558,0,52.5981
2020-12-14 09:42:21.326453,752,85001,12,26.7392,2.971,1.2305,1.3101,2.0077,2.8626,4.1039,4.8957,1,52.5981
2020-12-14 09:42:21.326453,753,85001,13,46.7672,4.6767,2.3269,0.7156,2.6134,5.2234,6.520475,7.696,0,52.5981
2020-12-14 09:42:21.326453,754,86001,1,24.629,4.1048,1.9972,2.2867,2.387875,3.54255,4.991825,7.7793,4,73.7029
2020-12-14 09:42:21.326453,755,86001,2,41.2104,4.5789,3.206,2.1935,2.332,2.5083,5.1011,12.1054,1,73.7029
2020-12-14 09:42:21.326453,756,86001,3,53.4761,5.9418,3.4553,2.1935,2.5506,5.0167,7.393,12.9655,1,73.7029
2020-12-14 09:42:21.326453,757,86001,4,49.8672,4.9867,1.8252,2.2867,4.478624999999999,4.885400000000001,5.08,8.9624,0,73.7029
2020-12-14 09:42:21.326453,758,86001,5,45.6085,5.0676,2.5629,2.3768,2.5506,4.664,5.1862,9.8573,1,73.7029
2020-12-14 09:42:21.326453,759,86001,6,47.7148,4.7715,1.503,2.4211,4.41055,4.70875,5.058,7.525,0,73.7029
2020-12-14 09:42:21.326453,760,86001,7,32.8443,4.692,2.4636,2.2867,2.42055,4.387,6.18355,8.9624,3,73.7029
2020-12-14 09:42:21.326453,761,86001,8,30.3772,4.3396,3.0056,2.1935,2.39895,2.5083,4.83725,11.203,3,73.7029
2020-12-14 09:42:21.326453,762,86001,9,50.6722,5.6302,2.1213,2.1935,4.664,6.8601,7.393,7.7793,1,73.7029
2020-12-14 09:42:21.326453,763,86001,10,62.3123,6.2312,3.9399,2.2867,2.5188750000000004,5.7113,9.073425,14.2606,0,73.7029
2020-12-14 09:42:21.326453,764,86001,11,63.6919,7.0769,3.32,2.5083,4.664,5.1011,9.5071,13.1611,1,73.7029
2020-12-14 09:42:21.326453,765,86001,12,31.3973,4.4853,2.5825,2.332,2.42055,2.5506,6.355600000000001,8.9624,3,73.7029
2020-12-14 09:42:21.326453,766,86001,13,41.6429,5.2054,2.7787,2.2406,2.3655999999999997,4.6145499999999995,7.6836,10.0334,2,73.7029
2020-12-14 09:42:21.326453,767,88001,1,11.3076,1.8846,0.696,1.3541,1.38695,1.42095,2.4604749999999997,2.929,4,112.9039
2020-12-14 09:42:21.326453,768,88001,2,12.8449,2.569,1.0824,1.3777,1.3899,2.9041,2.929,4.2442,5,112.9039
2020-12-14 09:42:21.326453,769,88001,3,11.0958,2.2192,1.0973,1.3657,1.4024,1.4147,2.7799,4.1331,5,112.9039
2020-12-14 09:42:21.326453,770,88001,4,8.4269,2.1067,0.6866,1.3899,1.43655,2.10375,2.7739249999999998,2.8295,6,112.9039
2020-12-14 09:42:21.326453,771,88001,5,18.0361,3.006,1.6835,1.3541,1.38075,2.7986,4.234975,5.4629,4,112.9039
2020-12-14 09:42:21.326453,772,88001,6,15.6505,2.6084,1.3212,1.3657,1.390075,2.11605,3.9403250000000005,4.3562,4,112.9039
2020-12-14 09:42:21.326453,773,88001,7,8.3293,1.3882,0.0258,1.3541,1.3686999999999998,1.3838,1.4085,1.4272,4,112.9039
2020-12-14 09:42:21.326453,774,88001,8,12.6103,2.5221,0.5689,1.3899,2.7315,2.7554,2.8543,2.8792,5,112.9039
2020-12-14 09:42:21.326453,775,88001,9,8.4029,1.6806,0.5257,1.3899,1.4147,1.4272,1.4396,2.7315,5,112.9039
2020-12-14 09:42:21.326453,776,88001,10,12.5867,1.7981,0.6225,1.3541,1.39615,1.4272,2.0918,2.8295,3,112.9039
2020-12-14 09:42:21.326453,777,88001,11,12.6976,1.8139,0.6512,1.3541,1.3778,1.4396,2.147,2.8543,3,112.9039
2020-12-14 09:42:21.326453,778,88001,12,8.4271,2.809,1.1905,1.3657,2.0728,2.7799,3.5307000000000004,4.2815,7,112.9039
2020-12-14 09:42:21.326453,779,88001,13,8.3542,1.3924,0.0312,1.3541,1.3686999999999998,1.3838,1.417875,1.4396,4,112.9039
2020-12-14 09:42:21.326453,780,91001,1,76.127,9.5159,6.119,2.3834,5.8854,8.63545,11.9938,22.6889,2,67.1771
2020-12-14 09:42:21.326453,781,91001,2,92.8491,10.3166,6.703,2.4016,4.7668,7.4364,15.1259,22.1277,1,67.1771
2020-12-14 09:42:21.326453,782,91001,3,75.6335,8.4037,4.8992,2.4995,4.9173,7.1502,9.7561,20.1679,1,67.1771
2020-12-14 09:42:21.326453,783,91001,4,103.0188,11.4465,6.8302,2.4198,7.4364,9.5336,14.6341,25.2099,1,67.1771
2020-12-14 09:42:21.326453,784,91001,5,105.201,11.689,6.6365,4.878,9.3875,9.6791,11.8259,27.7309,1,67.1771
2020-12-14 09:42:21.326453,785,91001,6,114.8156,11.4816,6.149,2.4198,7.8347,10.87575,14.278975,25.2099,0,67.1771
2020-12-14 09:42:21.326453,786,91001,7,95.5375,9.5538,5.1639,4.7304,7.068,7.351649999999999,9.856175,22.6889,0,67.1771
2020-12-14 09:42:21.326453,787,91001,8,80.5935,8.0594,3.7257,2.4016,5.307950000000001,8.45315,11.5328,12.6049,0,67.1771
2020-12-14 09:42:21.326453,788,91001,9,99.5944,9.9594,2.0069,7.4364,9.4058,9.57,9.814900000000002,14.5187,0,67.1771
2020-12-14 09:42:21.326453,789,91001,10,112.5144,11.2514,7.4305,4.7668,4.8690999999999995,8.42585,16.195675,27.7309,0,67.1771
2020-12-14 09:42:21.326453,790,91001,11,84.7009,8.4701,3.8503,2.4995,5.51725,8.5847,9.856175,16.6837,0,67.1771
2020-12-14 09:42:21.326453,791,91001,12,77.8634,7.7863,6.1178,2.3652,2.4246,4.9796499999999995,11.300225,19.2128,0,67.1771
2020-12-14 09:42:21.326453,792,91001,13,50.6433,6.3304,3.7765,2.4198,4.178050000000001,4.882899999999999,7.719475,14.4096,2,67.1771
2020-12-14 09:42:21.326453,793,94001,1,31.1533,7.7883,2.7387,4.9635,5.09415,7.80555,10.499725,10.5787,6,121.0639
2020-12-14 09:42:21.326453,794,94001,2,25.4999,5.1,0.1399,4.9232,5.0043,5.0464,5.2367,5.2893,5,121.0639
2020-12-14 09:42:21.326453,795,94001,3,35.6794,7.1359,4.0714,4.8833,5.0464,5.1862,5.2893,15.2742,5,121.0639
2020-12-14 09:42:21.326453,796,94001,4,25.4298,6.3574,2.4375,4.8833,4.94345,4.9839,6.3979,10.5787,6,121.0639
2020-12-14 09:42:21.326453,797,94001,5,61.2813,10.2136,5.8439,5.0464,5.198825,7.581849999999999,14.38275,20.017,4,121.0639
2020-12-14 09:42:21.326453,798,94001,6,50.4292,8.4049,5.5215,4.8833,4.98895,5.21145,8.946275,20.017,4,121.0639
2020-12-14 09:42:21.326453,799,94001,7,60.3808,10.0635,3.9672,4.9635,6.4902,10.23265,13.580525,15.0128,4,121.0639
2020-12-14 09:42:21.326453,800,94001,8,25.1389,5.0278,0.1265,4.8833,4.9232,5.0043,5.0914,5.2367,5,121.0639
2020-12-14 09:42:21.326453,801,94001,9,50.1044,7.1578,5.1188,4.8833,5.00495,5.0914,5.2135,19.6928,3,121.0639
2020-12-14 09:42:21.326453,802,94001,10,24.8803,6.2201,2.0498,4.9232,4.984024999999999,5.09525,6.331300000000001,9.7666,6,121.0639
2020-12-14 09:42:21.326453,803,94001,11,30.0441,6.0088,2.0022,4.8833,4.9232,5.0914,5.1377,10.0085,5,121.0639
2020-12-14 09:42:21.326453,804,94001,12,40.2497,6.7083,2.411,4.8833,4.984225,5.09205,8.669224999999999,10.3724,4,121.0639
2020-12-14 09:42:21.326453,805,94001,13,65.0361,10.8394,4.4332,4.9635,6.4285749999999995,12.248149999999999,14.922075000000001,15.2742,4,121.0639
2020-12-14 09:42:21.326453,806,95001,1,24.6808,3.0851,1.492,1.575,1.6655000000000002,2.9753499999999997,3.57505,6.1963,2,68.2894
2020-12-14 09:42:21.326453,807,95001,2,44.7239,4.9693,2.654,1.4756,3.3736,4.8048,6.0965,10.1629,1,68.2894
2020-12-14 09:42:21.326453,808,95001,3,33.8116,3.7568,1.5266,1.6574,3.0981,3.2032,4.3555,7.4986,1,68.2894
2020-12-14 09:42:21.326453,809,95001,4,21.5808,2.6976,0.9579,1.575,1.6655000000000002,2.9275,3.11495,4.4992,2,68.2894
2020-12-14 09:42:21.326453,810,95001,5,26.407,3.7724,1.9145,1.6016,2.28055,3.3736,4.68605,7.4986,3,68.2894
2020-12-14 09:42:21.326453,811,95001,6,31.4288,3.4921,1.8863,1.4518,1.5241,3.3149,4.8048,7.4986,1,68.2894
2020-12-14 09:42:21.326453,812,95001,7,32.7346,3.6372,1.5998,1.4756,2.9994,3.2032,5.0604,6.1963,1,68.2894
2020-12-14 09:42:21.326453,813,95001,8,34.4082,3.4408,1.3699,1.575,2.9156,3.1288,4.314125,6.0965,0,68.2894
2020-12-14 09:42:21.326453,814,95001,9,25.0537,2.7837,1.6192,1.4997,1.6291,1.6868,3.0483,6.4065,1,68.2894
2020-12-14 09:42:21.326453,815,95001,10,29.4801,3.2756,1.6622,1.4997,1.575,3.2582,4.6472,5.9026,1,68.2894
2020-12-14 09:42:21.326453,816,95001,11,30.7967,4.3995,1.599,1.5491,3.6653000000000002,4.4992,5.4506499999999996,6.5165,3,68.2894
2020-12-14 09:42:21.326453,817,95001,12,37.0766,3.7077,2.2757,1.4756,1.6029499999999999,3.2065,4.866675,8.7111,0,68.2894
2020-12-14 09:42:21.326453,818,95001,13,32.3668,4.0458,1.5084,1.4518,3.7345249999999997,4.6098,4.765499999999999,5.9989,2,68.2894
2020-12-14 09:42:21.326453,819,97001,1,9.8529,4.9264,1.5972,3.3293,4.1278749999999995,4.92645,5.725025,6.5236,8,123.5203
2020-12-14 09:42:21.326453,820,97001,2,22.776,4.5552,2.6158,3.1678,3.1985,3.295,3.3293,9.7854,5,123.5203
2020-12-14 09:42:21.326453,821,97001,3,25.4591,5.0918,1.5629,3.1098,3.2618,6.162,6.3355,6.59,5,123.5203
2020-12-14 09:42:21.326453,822,97001,4,38.3989,5.4856,2.9086,3.0521,3.1532,3.295,7.8787,9.988,3,123.5203
2020-12-14 09:42:21.326453,823,97001,5,19.1493,6.3831,2.4945,3.2298,4.9099,6.59,7.95975,9.3295,7,123.5203
2020-12-14 09:42:21.326453,824,97001,6,21.8577,4.3715,1.5102,3.0521,3.1678,3.1985,6.162,6.2773,5,123.5203
2020-12-14 09:42:21.326453,825,97001,7,25.4244,4.2374,1.5561,3.081,3.1243,3.1831500000000004,5.5076,6.59,4,123.5203
2020-12-14 09:42:21.326453,826,97001,8,34.8759,4.3595,1.5858,3.0521,3.1241999999999996,3.1988000000000003,6.263999999999999,6.59,2,123.5203
2020-12-14 09:42:21.326453,827,97001,9,22.5219,4.5044,1.5983,3.1386,3.1678,3.295,6.3969,6.5236,5,123.5203
2020-12-14 09:42:21.326453,828,97001,10,25.451,5.0902,1.5834,3.081,3.2298,6.2197,6.3969,6.5236,5,123.5203
2020-12-14 09:42:21.326453,829,97001,11,28.4992,7.1248,4.1643,3.1386,3.1835250000000004,6.220750000000001,10.162025,12.9191,6,123.5203
2020-12-14 09:42:21.326453,830,97001,12,28.2307,4.7051,2.3658,3.0521,3.1243,3.1831500000000004,5.64425,9.243,4,123.5203
2020-12-14 09:42:21.326453,831,97001,13,9.5067,4.7533,1.6436,3.1098,3.9315749999999996,4.753349999999999,5.575125,6.3969,8,123.5203
2020-12-14 09:42:21.326453,832,99001,1,13.2341,6.617,0.269,6.348,6.482525,6.61705,6.751575,6.8861,8,167.0466
2020-12-14 09:42:21.326453,833,99001,2,26.2848,6.5712,0.3586,5.9655,6.487349999999999,6.7166,6.80045,6.8861,6,167.0466
2020-12-14 09:42:21.326453,834,99001,3,24.529,8.1763,2.6553,6.25,6.2989999999999995,6.348,9.1395,11.931,7,167.0466
2020-12-14 09:42:21.326453,835,99001,4,40.7658,13.5886,9.8691,6.4495,6.6107,6.7719,17.15815,27.5444,7,167.0466
2020-12-14 09:42:21.326453,836,99001,5,45.4706,7.5784,2.7835,5.9655,6.1313249999999995,6.45095,6.7174,13.7722,4,167.0466
2020-12-14 09:42:21.326453,837,99001,6,37.6982,12.5661,5.2624,6.1542,9.3271,12.5,15.772,19.044,7,167.0466
2020-12-14 09:42:21.326453,838,99001,7,25.2276,8.4092,3.3234,5.9655,6.05985,6.1542,9.63105,13.1079,7,167.0466
2020-12-14 09:42:21.326453,839,99001,8,12.0246,6.0123,0.0468,5.9655,5.9889,6.0123,6.035699999999999,6.0591,8,167.0466
2020-12-14 09:42:21.326453,840,99001,9,32.0101,10.67,5.511,6.6613,6.7737,6.8861,12.6744,18.4627,7,167.0466
2020-12-14 09:42:21.326453,841,99001,10,31.92,6.384,0.3496,5.9655,6.0591,6.348,6.6613,6.8861,5,167.0466
2020-12-14 09:42:21.326453,842,99001,11,31.3847,7.8462,2.5886,5.9655,6.328499999999999,6.5554,8.073075,12.3084,6,167.0466
2020-12-14 09:42:21.326453,843,99001,12,18.7694,6.2565,0.2403,5.9655,6.107749999999999,6.25,6.401949999999999,6.5539,7,167.0466
2020-12-14 09:42:21.326453,844,99001,13,18.8674,6.2891,0.2438,5.9655,6.15675,6.348,6.45095,6.5539,7,167.0466
